xmin	xmax	key	clickSelects.variable	clickSelects.value	showSelected.variable	showSelected.value	PANEL	group
0.9875	1.0125	1	log10.penalty	1	log10.penalty	1	1	1
1.0125	1.0375	1.025 1	log10.penalty	1.025	log10.penalty	1	1	42
1.0375	1.0625	1.05 1	log10.penalty	1.05	log10.penalty	1	1	82
1.0625	1.0875	1.075 1	log10.penalty	1.075	log10.penalty	1	1	122
1.0875	1.1125	1.1 1	log10.penalty	1.1	log10.penalty	1	1	162
1.1125	1.1375	1.125 1	log10.penalty	1.125	log10.penalty	1	1	202
1.1375	1.1625	1.15 1	log10.penalty	1.15	log10.penalty	1	1	242
1.1625	1.1875	1.175 1	log10.penalty	1.175	log10.penalty	1	1	282
1.1875	1.2125	1.2 1	log10.penalty	1.2	log10.penalty	1	1	322
1.2125	1.2375	1.225 1	log10.penalty	1.225	log10.penalty	1	1	362
1.2375	1.2625	1.25 1	log10.penalty	1.25	log10.penalty	1	1	402
1.2625	1.2875	1.275 1	log10.penalty	1.275	log10.penalty	1	1	442
1.2875	1.3125	1.3 1	log10.penalty	1.3	log10.penalty	1	1	482
1.3125	1.3375	1.325 1	log10.penalty	1.325	log10.penalty	1	1	522
1.3375	1.3625	1.35 1	log10.penalty	1.35	log10.penalty	1	1	562
1.3625	1.3875	1.375 1	log10.penalty	1.375	log10.penalty	1	1	602
1.3875	1.4125	1.4 1	log10.penalty	1.4	log10.penalty	1	1	642
1.4125	1.4375	1.425 1	log10.penalty	1.425	log10.penalty	1	1	682
1.4375	1.4625	1.45 1	log10.penalty	1.45	log10.penalty	1	1	722
1.4625	1.4875	1.475 1	log10.penalty	1.475	log10.penalty	1	1	762
1.4875	1.5125	1.5 1	log10.penalty	1.5	log10.penalty	1	1	802
1.5125	1.5375	1.525 1	log10.penalty	1.525	log10.penalty	1	1	842
1.5375	1.5625	1.55 1	log10.penalty	1.55	log10.penalty	1	1	882
1.5625	1.5875	1.575 1	log10.penalty	1.575	log10.penalty	1	1	922
1.5875	1.6125	1.6 1	log10.penalty	1.6	log10.penalty	1	1	962
1.6125	1.6375	1.625 1	log10.penalty	1.625	log10.penalty	1	1	1002
1.6375	1.6625	1.65 1	log10.penalty	1.65	log10.penalty	1	1	1042
1.6625	1.6875	1.675 1	log10.penalty	1.675	log10.penalty	1	1	1082
1.6875	1.7125	1.7 1	log10.penalty	1.7	log10.penalty	1	1	1122
1.7125	1.7375	1.725 1	log10.penalty	1.725	log10.penalty	1	1	1162
1.7375	1.7625	1.75 1	log10.penalty	1.75	log10.penalty	1	1	1202
1.7625	1.7875	1.775 1	log10.penalty	1.775	log10.penalty	1	1	1242
1.7875	1.8125	1.8 1	log10.penalty	1.8	log10.penalty	1	1	1282
1.8125	1.8375	1.825 1	log10.penalty	1.825	log10.penalty	1	1	1322
1.8375	1.8625	1.85 1	log10.penalty	1.85	log10.penalty	1	1	1362
1.8625	1.8875	1.875 1	log10.penalty	1.875	log10.penalty	1	1	1402
1.8875	1.9125	1.9 1	log10.penalty	1.9	log10.penalty	1	1	1442
1.9125	1.9375	1.925 1	log10.penalty	1.925	log10.penalty	1	1	1482
1.9375	1.9625	1.95 1	log10.penalty	1.95	log10.penalty	1	1	1522
1.9625	1.9875	1.975 1	log10.penalty	1.975	log10.penalty	1	1	1562
1.9875	2.0125	2 1	log10.penalty	2	log10.penalty	1	1	1602
0.9875	1.0125	1 1.025	log10.penalty	1	log10.penalty	1.025	1	2
1.0125	1.0375	1	log10.penalty	1.025	log10.penalty	1.025	1	1
1.0375	1.0625	1.05 1.025	log10.penalty	1.05	log10.penalty	1.025	1	83
1.0625	1.0875	1.075 1.025	log10.penalty	1.075	log10.penalty	1.025	1	123
1.0875	1.1125	1.1 1.025	log10.penalty	1.1	log10.penalty	1.025	1	163
1.1125	1.1375	1.125 1.025	log10.penalty	1.125	log10.penalty	1.025	1	203
1.1375	1.1625	1.15 1.025	log10.penalty	1.15	log10.penalty	1.025	1	243
1.1625	1.1875	1.175 1.025	log10.penalty	1.175	log10.penalty	1.025	1	283
1.1875	1.2125	1.2 1.025	log10.penalty	1.2	log10.penalty	1.025	1	323
1.2125	1.2375	1.225 1.025	log10.penalty	1.225	log10.penalty	1.025	1	363
1.2375	1.2625	1.25 1.025	log10.penalty	1.25	log10.penalty	1.025	1	403
1.2625	1.2875	1.275 1.025	log10.penalty	1.275	log10.penalty	1.025	1	443
1.2875	1.3125	1.3 1.025	log10.penalty	1.3	log10.penalty	1.025	1	483
1.3125	1.3375	1.325 1.025	log10.penalty	1.325	log10.penalty	1.025	1	523
1.3375	1.3625	1.35 1.025	log10.penalty	1.35	log10.penalty	1.025	1	563
1.3625	1.3875	1.375 1.025	log10.penalty	1.375	log10.penalty	1.025	1	603
1.3875	1.4125	1.4 1.025	log10.penalty	1.4	log10.penalty	1.025	1	643
1.4125	1.4375	1.425 1.025	log10.penalty	1.425	log10.penalty	1.025	1	683
1.4375	1.4625	1.45 1.025	log10.penalty	1.45	log10.penalty	1.025	1	723
1.4625	1.4875	1.475 1.025	log10.penalty	1.475	log10.penalty	1.025	1	763
1.4875	1.5125	1.5 1.025	log10.penalty	1.5	log10.penalty	1.025	1	803
1.5125	1.5375	1.525 1.025	log10.penalty	1.525	log10.penalty	1.025	1	843
1.5375	1.5625	1.55 1.025	log10.penalty	1.55	log10.penalty	1.025	1	883
1.5625	1.5875	1.575 1.025	log10.penalty	1.575	log10.penalty	1.025	1	923
1.5875	1.6125	1.6 1.025	log10.penalty	1.6	log10.penalty	1.025	1	963
1.6125	1.6375	1.625 1.025	log10.penalty	1.625	log10.penalty	1.025	1	1003
1.6375	1.6625	1.65 1.025	log10.penalty	1.65	log10.penalty	1.025	1	1043
1.6625	1.6875	1.675 1.025	log10.penalty	1.675	log10.penalty	1.025	1	1083
1.6875	1.7125	1.7 1.025	log10.penalty	1.7	log10.penalty	1.025	1	1123
1.7125	1.7375	1.725 1.025	log10.penalty	1.725	log10.penalty	1.025	1	1163
1.7375	1.7625	1.75 1.025	log10.penalty	1.75	log10.penalty	1.025	1	1203
1.7625	1.7875	1.775 1.025	log10.penalty	1.775	log10.penalty	1.025	1	1243
1.7875	1.8125	1.8 1.025	log10.penalty	1.8	log10.penalty	1.025	1	1283
1.8125	1.8375	1.825 1.025	log10.penalty	1.825	log10.penalty	1.025	1	1323
1.8375	1.8625	1.85 1.025	log10.penalty	1.85	log10.penalty	1.025	1	1363
1.8625	1.8875	1.875 1.025	log10.penalty	1.875	log10.penalty	1.025	1	1403
1.8875	1.9125	1.9 1.025	log10.penalty	1.9	log10.penalty	1.025	1	1443
1.9125	1.9375	1.925 1.025	log10.penalty	1.925	log10.penalty	1.025	1	1483
1.9375	1.9625	1.95 1.025	log10.penalty	1.95	log10.penalty	1.025	1	1523
1.9625	1.9875	1.975 1.025	log10.penalty	1.975	log10.penalty	1.025	1	1563
1.9875	2.0125	2 1.025	log10.penalty	2	log10.penalty	1.025	1	1603
0.9875	1.0125	1 1.05	log10.penalty	1	log10.penalty	1.05	1	3
1.0125	1.0375	1.025 1.05	log10.penalty	1.025	log10.penalty	1.05	1	43
1.0375	1.0625	1	log10.penalty	1.05	log10.penalty	1.05	1	1
1.0625	1.0875	1.075 1.05	log10.penalty	1.075	log10.penalty	1.05	1	124
1.0875	1.1125	1.1 1.05	log10.penalty	1.1	log10.penalty	1.05	1	164
1.1125	1.1375	1.125 1.05	log10.penalty	1.125	log10.penalty	1.05	1	204
1.1375	1.1625	1.15 1.05	log10.penalty	1.15	log10.penalty	1.05	1	244
1.1625	1.1875	1.175 1.05	log10.penalty	1.175	log10.penalty	1.05	1	284
1.1875	1.2125	1.2 1.05	log10.penalty	1.2	log10.penalty	1.05	1	324
1.2125	1.2375	1.225 1.05	log10.penalty	1.225	log10.penalty	1.05	1	364
1.2375	1.2625	1.25 1.05	log10.penalty	1.25	log10.penalty	1.05	1	404
1.2625	1.2875	1.275 1.05	log10.penalty	1.275	log10.penalty	1.05	1	444
1.2875	1.3125	1.3 1.05	log10.penalty	1.3	log10.penalty	1.05	1	484
1.3125	1.3375	1.325 1.05	log10.penalty	1.325	log10.penalty	1.05	1	524
1.3375	1.3625	1.35 1.05	log10.penalty	1.35	log10.penalty	1.05	1	564
1.3625	1.3875	1.375 1.05	log10.penalty	1.375	log10.penalty	1.05	1	604
1.3875	1.4125	1.4 1.05	log10.penalty	1.4	log10.penalty	1.05	1	644
1.4125	1.4375	1.425 1.05	log10.penalty	1.425	log10.penalty	1.05	1	684
1.4375	1.4625	1.45 1.05	log10.penalty	1.45	log10.penalty	1.05	1	724
1.4625	1.4875	1.475 1.05	log10.penalty	1.475	log10.penalty	1.05	1	764
1.4875	1.5125	1.5 1.05	log10.penalty	1.5	log10.penalty	1.05	1	804
1.5125	1.5375	1.525 1.05	log10.penalty	1.525	log10.penalty	1.05	1	844
1.5375	1.5625	1.55 1.05	log10.penalty	1.55	log10.penalty	1.05	1	884
1.5625	1.5875	1.575 1.05	log10.penalty	1.575	log10.penalty	1.05	1	924
1.5875	1.6125	1.6 1.05	log10.penalty	1.6	log10.penalty	1.05	1	964
1.6125	1.6375	1.625 1.05	log10.penalty	1.625	log10.penalty	1.05	1	1004
1.6375	1.6625	1.65 1.05	log10.penalty	1.65	log10.penalty	1.05	1	1044
1.6625	1.6875	1.675 1.05	log10.penalty	1.675	log10.penalty	1.05	1	1084
1.6875	1.7125	1.7 1.05	log10.penalty	1.7	log10.penalty	1.05	1	1124
1.7125	1.7375	1.725 1.05	log10.penalty	1.725	log10.penalty	1.05	1	1164
1.7375	1.7625	1.75 1.05	log10.penalty	1.75	log10.penalty	1.05	1	1204
1.7625	1.7875	1.775 1.05	log10.penalty	1.775	log10.penalty	1.05	1	1244
1.7875	1.8125	1.8 1.05	log10.penalty	1.8	log10.penalty	1.05	1	1284
1.8125	1.8375	1.825 1.05	log10.penalty	1.825	log10.penalty	1.05	1	1324
1.8375	1.8625	1.85 1.05	log10.penalty	1.85	log10.penalty	1.05	1	1364
1.8625	1.8875	1.875 1.05	log10.penalty	1.875	log10.penalty	1.05	1	1404
1.8875	1.9125	1.9 1.05	log10.penalty	1.9	log10.penalty	1.05	1	1444
1.9125	1.9375	1.925 1.05	log10.penalty	1.925	log10.penalty	1.05	1	1484
1.9375	1.9625	1.95 1.05	log10.penalty	1.95	log10.penalty	1.05	1	1524
1.9625	1.9875	1.975 1.05	log10.penalty	1.975	log10.penalty	1.05	1	1564
1.9875	2.0125	2 1.05	log10.penalty	2	log10.penalty	1.05	1	1604
0.9875	1.0125	1 1.075	log10.penalty	1	log10.penalty	1.075	1	4
1.0125	1.0375	1.025 1.075	log10.penalty	1.025	log10.penalty	1.075	1	44
1.0375	1.0625	1.05 1.075	log10.penalty	1.05	log10.penalty	1.075	1	84
1.0625	1.0875	1	log10.penalty	1.075	log10.penalty	1.075	1	1
1.0875	1.1125	1.1 1.075	log10.penalty	1.1	log10.penalty	1.075	1	165
1.1125	1.1375	1.125 1.075	log10.penalty	1.125	log10.penalty	1.075	1	205
1.1375	1.1625	1.15 1.075	log10.penalty	1.15	log10.penalty	1.075	1	245
1.1625	1.1875	1.175 1.075	log10.penalty	1.175	log10.penalty	1.075	1	285
1.1875	1.2125	1.2 1.075	log10.penalty	1.2	log10.penalty	1.075	1	325
1.2125	1.2375	1.225 1.075	log10.penalty	1.225	log10.penalty	1.075	1	365
1.2375	1.2625	1.25 1.075	log10.penalty	1.25	log10.penalty	1.075	1	405
1.2625	1.2875	1.275 1.075	log10.penalty	1.275	log10.penalty	1.075	1	445
1.2875	1.3125	1.3 1.075	log10.penalty	1.3	log10.penalty	1.075	1	485
1.3125	1.3375	1.325 1.075	log10.penalty	1.325	log10.penalty	1.075	1	525
1.3375	1.3625	1.35 1.075	log10.penalty	1.35	log10.penalty	1.075	1	565
1.3625	1.3875	1.375 1.075	log10.penalty	1.375	log10.penalty	1.075	1	605
1.3875	1.4125	1.4 1.075	log10.penalty	1.4	log10.penalty	1.075	1	645
1.4125	1.4375	1.425 1.075	log10.penalty	1.425	log10.penalty	1.075	1	685
1.4375	1.4625	1.45 1.075	log10.penalty	1.45	log10.penalty	1.075	1	725
1.4625	1.4875	1.475 1.075	log10.penalty	1.475	log10.penalty	1.075	1	765
1.4875	1.5125	1.5 1.075	log10.penalty	1.5	log10.penalty	1.075	1	805
1.5125	1.5375	1.525 1.075	log10.penalty	1.525	log10.penalty	1.075	1	845
1.5375	1.5625	1.55 1.075	log10.penalty	1.55	log10.penalty	1.075	1	885
1.5625	1.5875	1.575 1.075	log10.penalty	1.575	log10.penalty	1.075	1	925
1.5875	1.6125	1.6 1.075	log10.penalty	1.6	log10.penalty	1.075	1	965
1.6125	1.6375	1.625 1.075	log10.penalty	1.625	log10.penalty	1.075	1	1005
1.6375	1.6625	1.65 1.075	log10.penalty	1.65	log10.penalty	1.075	1	1045
1.6625	1.6875	1.675 1.075	log10.penalty	1.675	log10.penalty	1.075	1	1085
1.6875	1.7125	1.7 1.075	log10.penalty	1.7	log10.penalty	1.075	1	1125
1.7125	1.7375	1.725 1.075	log10.penalty	1.725	log10.penalty	1.075	1	1165
1.7375	1.7625	1.75 1.075	log10.penalty	1.75	log10.penalty	1.075	1	1205
1.7625	1.7875	1.775 1.075	log10.penalty	1.775	log10.penalty	1.075	1	1245
1.7875	1.8125	1.8 1.075	log10.penalty	1.8	log10.penalty	1.075	1	1285
1.8125	1.8375	1.825 1.075	log10.penalty	1.825	log10.penalty	1.075	1	1325
1.8375	1.8625	1.85 1.075	log10.penalty	1.85	log10.penalty	1.075	1	1365
1.8625	1.8875	1.875 1.075	log10.penalty	1.875	log10.penalty	1.075	1	1405
1.8875	1.9125	1.9 1.075	log10.penalty	1.9	log10.penalty	1.075	1	1445
1.9125	1.9375	1.925 1.075	log10.penalty	1.925	log10.penalty	1.075	1	1485
1.9375	1.9625	1.95 1.075	log10.penalty	1.95	log10.penalty	1.075	1	1525
1.9625	1.9875	1.975 1.075	log10.penalty	1.975	log10.penalty	1.075	1	1565
1.9875	2.0125	2 1.075	log10.penalty	2	log10.penalty	1.075	1	1605
0.9875	1.0125	1 1.1	log10.penalty	1	log10.penalty	1.1	1	5
1.0125	1.0375	1.025 1.1	log10.penalty	1.025	log10.penalty	1.1	1	45
1.0375	1.0625	1.05 1.1	log10.penalty	1.05	log10.penalty	1.1	1	85
1.0625	1.0875	1.075 1.1	log10.penalty	1.075	log10.penalty	1.1	1	125
1.0875	1.1125	1	log10.penalty	1.1	log10.penalty	1.1	1	1
1.1125	1.1375	1.125 1.1	log10.penalty	1.125	log10.penalty	1.1	1	206
1.1375	1.1625	1.15 1.1	log10.penalty	1.15	log10.penalty	1.1	1	246
1.1625	1.1875	1.175 1.1	log10.penalty	1.175	log10.penalty	1.1	1	286
1.1875	1.2125	1.2 1.1	log10.penalty	1.2	log10.penalty	1.1	1	326
1.2125	1.2375	1.225 1.1	log10.penalty	1.225	log10.penalty	1.1	1	366
1.2375	1.2625	1.25 1.1	log10.penalty	1.25	log10.penalty	1.1	1	406
1.2625	1.2875	1.275 1.1	log10.penalty	1.275	log10.penalty	1.1	1	446
1.2875	1.3125	1.3 1.1	log10.penalty	1.3	log10.penalty	1.1	1	486
1.3125	1.3375	1.325 1.1	log10.penalty	1.325	log10.penalty	1.1	1	526
1.3375	1.3625	1.35 1.1	log10.penalty	1.35	log10.penalty	1.1	1	566
1.3625	1.3875	1.375 1.1	log10.penalty	1.375	log10.penalty	1.1	1	606
1.3875	1.4125	1.4 1.1	log10.penalty	1.4	log10.penalty	1.1	1	646
1.4125	1.4375	1.425 1.1	log10.penalty	1.425	log10.penalty	1.1	1	686
1.4375	1.4625	1.45 1.1	log10.penalty	1.45	log10.penalty	1.1	1	726
1.4625	1.4875	1.475 1.1	log10.penalty	1.475	log10.penalty	1.1	1	766
1.4875	1.5125	1.5 1.1	log10.penalty	1.5	log10.penalty	1.1	1	806
1.5125	1.5375	1.525 1.1	log10.penalty	1.525	log10.penalty	1.1	1	846
1.5375	1.5625	1.55 1.1	log10.penalty	1.55	log10.penalty	1.1	1	886
1.5625	1.5875	1.575 1.1	log10.penalty	1.575	log10.penalty	1.1	1	926
1.5875	1.6125	1.6 1.1	log10.penalty	1.6	log10.penalty	1.1	1	966
1.6125	1.6375	1.625 1.1	log10.penalty	1.625	log10.penalty	1.1	1	1006
1.6375	1.6625	1.65 1.1	log10.penalty	1.65	log10.penalty	1.1	1	1046
1.6625	1.6875	1.675 1.1	log10.penalty	1.675	log10.penalty	1.1	1	1086
1.6875	1.7125	1.7 1.1	log10.penalty	1.7	log10.penalty	1.1	1	1126
1.7125	1.7375	1.725 1.1	log10.penalty	1.725	log10.penalty	1.1	1	1166
1.7375	1.7625	1.75 1.1	log10.penalty	1.75	log10.penalty	1.1	1	1206
1.7625	1.7875	1.775 1.1	log10.penalty	1.775	log10.penalty	1.1	1	1246
1.7875	1.8125	1.8 1.1	log10.penalty	1.8	log10.penalty	1.1	1	1286
1.8125	1.8375	1.825 1.1	log10.penalty	1.825	log10.penalty	1.1	1	1326
1.8375	1.8625	1.85 1.1	log10.penalty	1.85	log10.penalty	1.1	1	1366
1.8625	1.8875	1.875 1.1	log10.penalty	1.875	log10.penalty	1.1	1	1406
1.8875	1.9125	1.9 1.1	log10.penalty	1.9	log10.penalty	1.1	1	1446
1.9125	1.9375	1.925 1.1	log10.penalty	1.925	log10.penalty	1.1	1	1486
1.9375	1.9625	1.95 1.1	log10.penalty	1.95	log10.penalty	1.1	1	1526
1.9625	1.9875	1.975 1.1	log10.penalty	1.975	log10.penalty	1.1	1	1566
1.9875	2.0125	2 1.1	log10.penalty	2	log10.penalty	1.1	1	1606
0.9875	1.0125	1 1.125	log10.penalty	1	log10.penalty	1.125	1	6
1.0125	1.0375	1.025 1.125	log10.penalty	1.025	log10.penalty	1.125	1	46
1.0375	1.0625	1.05 1.125	log10.penalty	1.05	log10.penalty	1.125	1	86
1.0625	1.0875	1.075 1.125	log10.penalty	1.075	log10.penalty	1.125	1	126
1.0875	1.1125	1.1 1.125	log10.penalty	1.1	log10.penalty	1.125	1	166
1.1125	1.1375	1	log10.penalty	1.125	log10.penalty	1.125	1	1
1.1375	1.1625	1.15 1.125	log10.penalty	1.15	log10.penalty	1.125	1	247
1.1625	1.1875	1.175 1.125	log10.penalty	1.175	log10.penalty	1.125	1	287
1.1875	1.2125	1.2 1.125	log10.penalty	1.2	log10.penalty	1.125	1	327
1.2125	1.2375	1.225 1.125	log10.penalty	1.225	log10.penalty	1.125	1	367
1.2375	1.2625	1.25 1.125	log10.penalty	1.25	log10.penalty	1.125	1	407
1.2625	1.2875	1.275 1.125	log10.penalty	1.275	log10.penalty	1.125	1	447
1.2875	1.3125	1.3 1.125	log10.penalty	1.3	log10.penalty	1.125	1	487
1.3125	1.3375	1.325 1.125	log10.penalty	1.325	log10.penalty	1.125	1	527
1.3375	1.3625	1.35 1.125	log10.penalty	1.35	log10.penalty	1.125	1	567
1.3625	1.3875	1.375 1.125	log10.penalty	1.375	log10.penalty	1.125	1	607
1.3875	1.4125	1.4 1.125	log10.penalty	1.4	log10.penalty	1.125	1	647
1.4125	1.4375	1.425 1.125	log10.penalty	1.425	log10.penalty	1.125	1	687
1.4375	1.4625	1.45 1.125	log10.penalty	1.45	log10.penalty	1.125	1	727
1.4625	1.4875	1.475 1.125	log10.penalty	1.475	log10.penalty	1.125	1	767
1.4875	1.5125	1.5 1.125	log10.penalty	1.5	log10.penalty	1.125	1	807
1.5125	1.5375	1.525 1.125	log10.penalty	1.525	log10.penalty	1.125	1	847
1.5375	1.5625	1.55 1.125	log10.penalty	1.55	log10.penalty	1.125	1	887
1.5625	1.5875	1.575 1.125	log10.penalty	1.575	log10.penalty	1.125	1	927
1.5875	1.6125	1.6 1.125	log10.penalty	1.6	log10.penalty	1.125	1	967
1.6125	1.6375	1.625 1.125	log10.penalty	1.625	log10.penalty	1.125	1	1007
1.6375	1.6625	1.65 1.125	log10.penalty	1.65	log10.penalty	1.125	1	1047
1.6625	1.6875	1.675 1.125	log10.penalty	1.675	log10.penalty	1.125	1	1087
1.6875	1.7125	1.7 1.125	log10.penalty	1.7	log10.penalty	1.125	1	1127
1.7125	1.7375	1.725 1.125	log10.penalty	1.725	log10.penalty	1.125	1	1167
1.7375	1.7625	1.75 1.125	log10.penalty	1.75	log10.penalty	1.125	1	1207
1.7625	1.7875	1.775 1.125	log10.penalty	1.775	log10.penalty	1.125	1	1247
1.7875	1.8125	1.8 1.125	log10.penalty	1.8	log10.penalty	1.125	1	1287
1.8125	1.8375	1.825 1.125	log10.penalty	1.825	log10.penalty	1.125	1	1327
1.8375	1.8625	1.85 1.125	log10.penalty	1.85	log10.penalty	1.125	1	1367
1.8625	1.8875	1.875 1.125	log10.penalty	1.875	log10.penalty	1.125	1	1407
1.8875	1.9125	1.9 1.125	log10.penalty	1.9	log10.penalty	1.125	1	1447
1.9125	1.9375	1.925 1.125	log10.penalty	1.925	log10.penalty	1.125	1	1487
1.9375	1.9625	1.95 1.125	log10.penalty	1.95	log10.penalty	1.125	1	1527
1.9625	1.9875	1.975 1.125	log10.penalty	1.975	log10.penalty	1.125	1	1567
1.9875	2.0125	2 1.125	log10.penalty	2	log10.penalty	1.125	1	1607
0.9875	1.0125	1 1.15	log10.penalty	1	log10.penalty	1.15	1	7
1.0125	1.0375	1.025 1.15	log10.penalty	1.025	log10.penalty	1.15	1	47
1.0375	1.0625	1.05 1.15	log10.penalty	1.05	log10.penalty	1.15	1	87
1.0625	1.0875	1.075 1.15	log10.penalty	1.075	log10.penalty	1.15	1	127
1.0875	1.1125	1.1 1.15	log10.penalty	1.1	log10.penalty	1.15	1	167
1.1125	1.1375	1.125 1.15	log10.penalty	1.125	log10.penalty	1.15	1	207
1.1375	1.1625	1	log10.penalty	1.15	log10.penalty	1.15	1	1
1.1625	1.1875	1.175 1.15	log10.penalty	1.175	log10.penalty	1.15	1	288
1.1875	1.2125	1.2 1.15	log10.penalty	1.2	log10.penalty	1.15	1	328
1.2125	1.2375	1.225 1.15	log10.penalty	1.225	log10.penalty	1.15	1	368
1.2375	1.2625	1.25 1.15	log10.penalty	1.25	log10.penalty	1.15	1	408
1.2625	1.2875	1.275 1.15	log10.penalty	1.275	log10.penalty	1.15	1	448
1.2875	1.3125	1.3 1.15	log10.penalty	1.3	log10.penalty	1.15	1	488
1.3125	1.3375	1.325 1.15	log10.penalty	1.325	log10.penalty	1.15	1	528
1.3375	1.3625	1.35 1.15	log10.penalty	1.35	log10.penalty	1.15	1	568
1.3625	1.3875	1.375 1.15	log10.penalty	1.375	log10.penalty	1.15	1	608
1.3875	1.4125	1.4 1.15	log10.penalty	1.4	log10.penalty	1.15	1	648
1.4125	1.4375	1.425 1.15	log10.penalty	1.425	log10.penalty	1.15	1	688
1.4375	1.4625	1.45 1.15	log10.penalty	1.45	log10.penalty	1.15	1	728
1.4625	1.4875	1.475 1.15	log10.penalty	1.475	log10.penalty	1.15	1	768
1.4875	1.5125	1.5 1.15	log10.penalty	1.5	log10.penalty	1.15	1	808
1.5125	1.5375	1.525 1.15	log10.penalty	1.525	log10.penalty	1.15	1	848
1.5375	1.5625	1.55 1.15	log10.penalty	1.55	log10.penalty	1.15	1	888
1.5625	1.5875	1.575 1.15	log10.penalty	1.575	log10.penalty	1.15	1	928
1.5875	1.6125	1.6 1.15	log10.penalty	1.6	log10.penalty	1.15	1	968
1.6125	1.6375	1.625 1.15	log10.penalty	1.625	log10.penalty	1.15	1	1008
1.6375	1.6625	1.65 1.15	log10.penalty	1.65	log10.penalty	1.15	1	1048
1.6625	1.6875	1.675 1.15	log10.penalty	1.675	log10.penalty	1.15	1	1088
1.6875	1.7125	1.7 1.15	log10.penalty	1.7	log10.penalty	1.15	1	1128
1.7125	1.7375	1.725 1.15	log10.penalty	1.725	log10.penalty	1.15	1	1168
1.7375	1.7625	1.75 1.15	log10.penalty	1.75	log10.penalty	1.15	1	1208
1.7625	1.7875	1.775 1.15	log10.penalty	1.775	log10.penalty	1.15	1	1248
1.7875	1.8125	1.8 1.15	log10.penalty	1.8	log10.penalty	1.15	1	1288
1.8125	1.8375	1.825 1.15	log10.penalty	1.825	log10.penalty	1.15	1	1328
1.8375	1.8625	1.85 1.15	log10.penalty	1.85	log10.penalty	1.15	1	1368
1.8625	1.8875	1.875 1.15	log10.penalty	1.875	log10.penalty	1.15	1	1408
1.8875	1.9125	1.9 1.15	log10.penalty	1.9	log10.penalty	1.15	1	1448
1.9125	1.9375	1.925 1.15	log10.penalty	1.925	log10.penalty	1.15	1	1488
1.9375	1.9625	1.95 1.15	log10.penalty	1.95	log10.penalty	1.15	1	1528
1.9625	1.9875	1.975 1.15	log10.penalty	1.975	log10.penalty	1.15	1	1568
1.9875	2.0125	2 1.15	log10.penalty	2	log10.penalty	1.15	1	1608
0.9875	1.0125	1 1.175	log10.penalty	1	log10.penalty	1.175	1	8
1.0125	1.0375	1.025 1.175	log10.penalty	1.025	log10.penalty	1.175	1	48
1.0375	1.0625	1.05 1.175	log10.penalty	1.05	log10.penalty	1.175	1	88
1.0625	1.0875	1.075 1.175	log10.penalty	1.075	log10.penalty	1.175	1	128
1.0875	1.1125	1.1 1.175	log10.penalty	1.1	log10.penalty	1.175	1	168
1.1125	1.1375	1.125 1.175	log10.penalty	1.125	log10.penalty	1.175	1	208
1.1375	1.1625	1.15 1.175	log10.penalty	1.15	log10.penalty	1.175	1	248
1.1625	1.1875	1	log10.penalty	1.175	log10.penalty	1.175	1	1
1.1875	1.2125	1.2 1.175	log10.penalty	1.2	log10.penalty	1.175	1	329
1.2125	1.2375	1.225 1.175	log10.penalty	1.225	log10.penalty	1.175	1	369
1.2375	1.2625	1.25 1.175	log10.penalty	1.25	log10.penalty	1.175	1	409
1.2625	1.2875	1.275 1.175	log10.penalty	1.275	log10.penalty	1.175	1	449
1.2875	1.3125	1.3 1.175	log10.penalty	1.3	log10.penalty	1.175	1	489
1.3125	1.3375	1.325 1.175	log10.penalty	1.325	log10.penalty	1.175	1	529
1.3375	1.3625	1.35 1.175	log10.penalty	1.35	log10.penalty	1.175	1	569
1.3625	1.3875	1.375 1.175	log10.penalty	1.375	log10.penalty	1.175	1	609
1.3875	1.4125	1.4 1.175	log10.penalty	1.4	log10.penalty	1.175	1	649
1.4125	1.4375	1.425 1.175	log10.penalty	1.425	log10.penalty	1.175	1	689
1.4375	1.4625	1.45 1.175	log10.penalty	1.45	log10.penalty	1.175	1	729
1.4625	1.4875	1.475 1.175	log10.penalty	1.475	log10.penalty	1.175	1	769
1.4875	1.5125	1.5 1.175	log10.penalty	1.5	log10.penalty	1.175	1	809
1.5125	1.5375	1.525 1.175	log10.penalty	1.525	log10.penalty	1.175	1	849
1.5375	1.5625	1.55 1.175	log10.penalty	1.55	log10.penalty	1.175	1	889
1.5625	1.5875	1.575 1.175	log10.penalty	1.575	log10.penalty	1.175	1	929
1.5875	1.6125	1.6 1.175	log10.penalty	1.6	log10.penalty	1.175	1	969
1.6125	1.6375	1.625 1.175	log10.penalty	1.625	log10.penalty	1.175	1	1009
1.6375	1.6625	1.65 1.175	log10.penalty	1.65	log10.penalty	1.175	1	1049
1.6625	1.6875	1.675 1.175	log10.penalty	1.675	log10.penalty	1.175	1	1089
1.6875	1.7125	1.7 1.175	log10.penalty	1.7	log10.penalty	1.175	1	1129
1.7125	1.7375	1.725 1.175	log10.penalty	1.725	log10.penalty	1.175	1	1169
1.7375	1.7625	1.75 1.175	log10.penalty	1.75	log10.penalty	1.175	1	1209
1.7625	1.7875	1.775 1.175	log10.penalty	1.775	log10.penalty	1.175	1	1249
1.7875	1.8125	1.8 1.175	log10.penalty	1.8	log10.penalty	1.175	1	1289
1.8125	1.8375	1.825 1.175	log10.penalty	1.825	log10.penalty	1.175	1	1329
1.8375	1.8625	1.85 1.175	log10.penalty	1.85	log10.penalty	1.175	1	1369
1.8625	1.8875	1.875 1.175	log10.penalty	1.875	log10.penalty	1.175	1	1409
1.8875	1.9125	1.9 1.175	log10.penalty	1.9	log10.penalty	1.175	1	1449
1.9125	1.9375	1.925 1.175	log10.penalty	1.925	log10.penalty	1.175	1	1489
1.9375	1.9625	1.95 1.175	log10.penalty	1.95	log10.penalty	1.175	1	1529
1.9625	1.9875	1.975 1.175	log10.penalty	1.975	log10.penalty	1.175	1	1569
1.9875	2.0125	2 1.175	log10.penalty	2	log10.penalty	1.175	1	1609
0.9875	1.0125	1 1.2	log10.penalty	1	log10.penalty	1.2	1	9
1.0125	1.0375	1.025 1.2	log10.penalty	1.025	log10.penalty	1.2	1	49
1.0375	1.0625	1.05 1.2	log10.penalty	1.05	log10.penalty	1.2	1	89
1.0625	1.0875	1.075 1.2	log10.penalty	1.075	log10.penalty	1.2	1	129
1.0875	1.1125	1.1 1.2	log10.penalty	1.1	log10.penalty	1.2	1	169
1.1125	1.1375	1.125 1.2	log10.penalty	1.125	log10.penalty	1.2	1	209
1.1375	1.1625	1.15 1.2	log10.penalty	1.15	log10.penalty	1.2	1	249
1.1625	1.1875	1.175 1.2	log10.penalty	1.175	log10.penalty	1.2	1	289
1.1875	1.2125	1	log10.penalty	1.2	log10.penalty	1.2	1	1
1.2125	1.2375	1.225 1.2	log10.penalty	1.225	log10.penalty	1.2	1	370
1.2375	1.2625	1.25 1.2	log10.penalty	1.25	log10.penalty	1.2	1	410
1.2625	1.2875	1.275 1.2	log10.penalty	1.275	log10.penalty	1.2	1	450
1.2875	1.3125	1.3 1.2	log10.penalty	1.3	log10.penalty	1.2	1	490
1.3125	1.3375	1.325 1.2	log10.penalty	1.325	log10.penalty	1.2	1	530
1.3375	1.3625	1.35 1.2	log10.penalty	1.35	log10.penalty	1.2	1	570
1.3625	1.3875	1.375 1.2	log10.penalty	1.375	log10.penalty	1.2	1	610
1.3875	1.4125	1.4 1.2	log10.penalty	1.4	log10.penalty	1.2	1	650
1.4125	1.4375	1.425 1.2	log10.penalty	1.425	log10.penalty	1.2	1	690
1.4375	1.4625	1.45 1.2	log10.penalty	1.45	log10.penalty	1.2	1	730
1.4625	1.4875	1.475 1.2	log10.penalty	1.475	log10.penalty	1.2	1	770
1.4875	1.5125	1.5 1.2	log10.penalty	1.5	log10.penalty	1.2	1	810
1.5125	1.5375	1.525 1.2	log10.penalty	1.525	log10.penalty	1.2	1	850
1.5375	1.5625	1.55 1.2	log10.penalty	1.55	log10.penalty	1.2	1	890
1.5625	1.5875	1.575 1.2	log10.penalty	1.575	log10.penalty	1.2	1	930
1.5875	1.6125	1.6 1.2	log10.penalty	1.6	log10.penalty	1.2	1	970
1.6125	1.6375	1.625 1.2	log10.penalty	1.625	log10.penalty	1.2	1	1010
1.6375	1.6625	1.65 1.2	log10.penalty	1.65	log10.penalty	1.2	1	1050
1.6625	1.6875	1.675 1.2	log10.penalty	1.675	log10.penalty	1.2	1	1090
1.6875	1.7125	1.7 1.2	log10.penalty	1.7	log10.penalty	1.2	1	1130
1.7125	1.7375	1.725 1.2	log10.penalty	1.725	log10.penalty	1.2	1	1170
1.7375	1.7625	1.75 1.2	log10.penalty	1.75	log10.penalty	1.2	1	1210
1.7625	1.7875	1.775 1.2	log10.penalty	1.775	log10.penalty	1.2	1	1250
1.7875	1.8125	1.8 1.2	log10.penalty	1.8	log10.penalty	1.2	1	1290
1.8125	1.8375	1.825 1.2	log10.penalty	1.825	log10.penalty	1.2	1	1330
1.8375	1.8625	1.85 1.2	log10.penalty	1.85	log10.penalty	1.2	1	1370
1.8625	1.8875	1.875 1.2	log10.penalty	1.875	log10.penalty	1.2	1	1410
1.8875	1.9125	1.9 1.2	log10.penalty	1.9	log10.penalty	1.2	1	1450
1.9125	1.9375	1.925 1.2	log10.penalty	1.925	log10.penalty	1.2	1	1490
1.9375	1.9625	1.95 1.2	log10.penalty	1.95	log10.penalty	1.2	1	1530
1.9625	1.9875	1.975 1.2	log10.penalty	1.975	log10.penalty	1.2	1	1570
1.9875	2.0125	2 1.2	log10.penalty	2	log10.penalty	1.2	1	1610
0.9875	1.0125	1 1.225	log10.penalty	1	log10.penalty	1.225	1	10
1.0125	1.0375	1.025 1.225	log10.penalty	1.025	log10.penalty	1.225	1	50
1.0375	1.0625	1.05 1.225	log10.penalty	1.05	log10.penalty	1.225	1	90
1.0625	1.0875	1.075 1.225	log10.penalty	1.075	log10.penalty	1.225	1	130
1.0875	1.1125	1.1 1.225	log10.penalty	1.1	log10.penalty	1.225	1	170
1.1125	1.1375	1.125 1.225	log10.penalty	1.125	log10.penalty	1.225	1	210
1.1375	1.1625	1.15 1.225	log10.penalty	1.15	log10.penalty	1.225	1	250
1.1625	1.1875	1.175 1.225	log10.penalty	1.175	log10.penalty	1.225	1	290
1.1875	1.2125	1.2 1.225	log10.penalty	1.2	log10.penalty	1.225	1	330
1.2125	1.2375	1	log10.penalty	1.225	log10.penalty	1.225	1	1
1.2375	1.2625	1.25 1.225	log10.penalty	1.25	log10.penalty	1.225	1	411
1.2625	1.2875	1.275 1.225	log10.penalty	1.275	log10.penalty	1.225	1	451
1.2875	1.3125	1.3 1.225	log10.penalty	1.3	log10.penalty	1.225	1	491
1.3125	1.3375	1.325 1.225	log10.penalty	1.325	log10.penalty	1.225	1	531
1.3375	1.3625	1.35 1.225	log10.penalty	1.35	log10.penalty	1.225	1	571
1.3625	1.3875	1.375 1.225	log10.penalty	1.375	log10.penalty	1.225	1	611
1.3875	1.4125	1.4 1.225	log10.penalty	1.4	log10.penalty	1.225	1	651
1.4125	1.4375	1.425 1.225	log10.penalty	1.425	log10.penalty	1.225	1	691
1.4375	1.4625	1.45 1.225	log10.penalty	1.45	log10.penalty	1.225	1	731
1.4625	1.4875	1.475 1.225	log10.penalty	1.475	log10.penalty	1.225	1	771
1.4875	1.5125	1.5 1.225	log10.penalty	1.5	log10.penalty	1.225	1	811
1.5125	1.5375	1.525 1.225	log10.penalty	1.525	log10.penalty	1.225	1	851
1.5375	1.5625	1.55 1.225	log10.penalty	1.55	log10.penalty	1.225	1	891
1.5625	1.5875	1.575 1.225	log10.penalty	1.575	log10.penalty	1.225	1	931
1.5875	1.6125	1.6 1.225	log10.penalty	1.6	log10.penalty	1.225	1	971
1.6125	1.6375	1.625 1.225	log10.penalty	1.625	log10.penalty	1.225	1	1011
1.6375	1.6625	1.65 1.225	log10.penalty	1.65	log10.penalty	1.225	1	1051
1.6625	1.6875	1.675 1.225	log10.penalty	1.675	log10.penalty	1.225	1	1091
1.6875	1.7125	1.7 1.225	log10.penalty	1.7	log10.penalty	1.225	1	1131
1.7125	1.7375	1.725 1.225	log10.penalty	1.725	log10.penalty	1.225	1	1171
1.7375	1.7625	1.75 1.225	log10.penalty	1.75	log10.penalty	1.225	1	1211
1.7625	1.7875	1.775 1.225	log10.penalty	1.775	log10.penalty	1.225	1	1251
1.7875	1.8125	1.8 1.225	log10.penalty	1.8	log10.penalty	1.225	1	1291
1.8125	1.8375	1.825 1.225	log10.penalty	1.825	log10.penalty	1.225	1	1331
1.8375	1.8625	1.85 1.225	log10.penalty	1.85	log10.penalty	1.225	1	1371
1.8625	1.8875	1.875 1.225	log10.penalty	1.875	log10.penalty	1.225	1	1411
1.8875	1.9125	1.9 1.225	log10.penalty	1.9	log10.penalty	1.225	1	1451
1.9125	1.9375	1.925 1.225	log10.penalty	1.925	log10.penalty	1.225	1	1491
1.9375	1.9625	1.95 1.225	log10.penalty	1.95	log10.penalty	1.225	1	1531
1.9625	1.9875	1.975 1.225	log10.penalty	1.975	log10.penalty	1.225	1	1571
1.9875	2.0125	2 1.225	log10.penalty	2	log10.penalty	1.225	1	1611
0.9875	1.0125	1 1.25	log10.penalty	1	log10.penalty	1.25	1	11
1.0125	1.0375	1.025 1.25	log10.penalty	1.025	log10.penalty	1.25	1	51
1.0375	1.0625	1.05 1.25	log10.penalty	1.05	log10.penalty	1.25	1	91
1.0625	1.0875	1.075 1.25	log10.penalty	1.075	log10.penalty	1.25	1	131
1.0875	1.1125	1.1 1.25	log10.penalty	1.1	log10.penalty	1.25	1	171
1.1125	1.1375	1.125 1.25	log10.penalty	1.125	log10.penalty	1.25	1	211
1.1375	1.1625	1.15 1.25	log10.penalty	1.15	log10.penalty	1.25	1	251
1.1625	1.1875	1.175 1.25	log10.penalty	1.175	log10.penalty	1.25	1	291
1.1875	1.2125	1.2 1.25	log10.penalty	1.2	log10.penalty	1.25	1	331
1.2125	1.2375	1.225 1.25	log10.penalty	1.225	log10.penalty	1.25	1	371
1.2375	1.2625	1	log10.penalty	1.25	log10.penalty	1.25	1	1
1.2625	1.2875	1.275 1.25	log10.penalty	1.275	log10.penalty	1.25	1	452
1.2875	1.3125	1.3 1.25	log10.penalty	1.3	log10.penalty	1.25	1	492
1.3125	1.3375	1.325 1.25	log10.penalty	1.325	log10.penalty	1.25	1	532
1.3375	1.3625	1.35 1.25	log10.penalty	1.35	log10.penalty	1.25	1	572
1.3625	1.3875	1.375 1.25	log10.penalty	1.375	log10.penalty	1.25	1	612
1.3875	1.4125	1.4 1.25	log10.penalty	1.4	log10.penalty	1.25	1	652
1.4125	1.4375	1.425 1.25	log10.penalty	1.425	log10.penalty	1.25	1	692
1.4375	1.4625	1.45 1.25	log10.penalty	1.45	log10.penalty	1.25	1	732
1.4625	1.4875	1.475 1.25	log10.penalty	1.475	log10.penalty	1.25	1	772
1.4875	1.5125	1.5 1.25	log10.penalty	1.5	log10.penalty	1.25	1	812
1.5125	1.5375	1.525 1.25	log10.penalty	1.525	log10.penalty	1.25	1	852
1.5375	1.5625	1.55 1.25	log10.penalty	1.55	log10.penalty	1.25	1	892
1.5625	1.5875	1.575 1.25	log10.penalty	1.575	log10.penalty	1.25	1	932
1.5875	1.6125	1.6 1.25	log10.penalty	1.6	log10.penalty	1.25	1	972
1.6125	1.6375	1.625 1.25	log10.penalty	1.625	log10.penalty	1.25	1	1012
1.6375	1.6625	1.65 1.25	log10.penalty	1.65	log10.penalty	1.25	1	1052
1.6625	1.6875	1.675 1.25	log10.penalty	1.675	log10.penalty	1.25	1	1092
1.6875	1.7125	1.7 1.25	log10.penalty	1.7	log10.penalty	1.25	1	1132
1.7125	1.7375	1.725 1.25	log10.penalty	1.725	log10.penalty	1.25	1	1172
1.7375	1.7625	1.75 1.25	log10.penalty	1.75	log10.penalty	1.25	1	1212
1.7625	1.7875	1.775 1.25	log10.penalty	1.775	log10.penalty	1.25	1	1252
1.7875	1.8125	1.8 1.25	log10.penalty	1.8	log10.penalty	1.25	1	1292
1.8125	1.8375	1.825 1.25	log10.penalty	1.825	log10.penalty	1.25	1	1332
1.8375	1.8625	1.85 1.25	log10.penalty	1.85	log10.penalty	1.25	1	1372
1.8625	1.8875	1.875 1.25	log10.penalty	1.875	log10.penalty	1.25	1	1412
1.8875	1.9125	1.9 1.25	log10.penalty	1.9	log10.penalty	1.25	1	1452
1.9125	1.9375	1.925 1.25	log10.penalty	1.925	log10.penalty	1.25	1	1492
1.9375	1.9625	1.95 1.25	log10.penalty	1.95	log10.penalty	1.25	1	1532
1.9625	1.9875	1.975 1.25	log10.penalty	1.975	log10.penalty	1.25	1	1572
1.9875	2.0125	2 1.25	log10.penalty	2	log10.penalty	1.25	1	1612
0.9875	1.0125	1 1.275	log10.penalty	1	log10.penalty	1.275	1	12
1.0125	1.0375	1.025 1.275	log10.penalty	1.025	log10.penalty	1.275	1	52
1.0375	1.0625	1.05 1.275	log10.penalty	1.05	log10.penalty	1.275	1	92
1.0625	1.0875	1.075 1.275	log10.penalty	1.075	log10.penalty	1.275	1	132
1.0875	1.1125	1.1 1.275	log10.penalty	1.1	log10.penalty	1.275	1	172
1.1125	1.1375	1.125 1.275	log10.penalty	1.125	log10.penalty	1.275	1	212
1.1375	1.1625	1.15 1.275	log10.penalty	1.15	log10.penalty	1.275	1	252
1.1625	1.1875	1.175 1.275	log10.penalty	1.175	log10.penalty	1.275	1	292
1.1875	1.2125	1.2 1.275	log10.penalty	1.2	log10.penalty	1.275	1	332
1.2125	1.2375	1.225 1.275	log10.penalty	1.225	log10.penalty	1.275	1	372
1.2375	1.2625	1.25 1.275	log10.penalty	1.25	log10.penalty	1.275	1	412
1.2625	1.2875	1	log10.penalty	1.275	log10.penalty	1.275	1	1
1.2875	1.3125	1.3 1.275	log10.penalty	1.3	log10.penalty	1.275	1	493
1.3125	1.3375	1.325 1.275	log10.penalty	1.325	log10.penalty	1.275	1	533
1.3375	1.3625	1.35 1.275	log10.penalty	1.35	log10.penalty	1.275	1	573
1.3625	1.3875	1.375 1.275	log10.penalty	1.375	log10.penalty	1.275	1	613
1.3875	1.4125	1.4 1.275	log10.penalty	1.4	log10.penalty	1.275	1	653
1.4125	1.4375	1.425 1.275	log10.penalty	1.425	log10.penalty	1.275	1	693
1.4375	1.4625	1.45 1.275	log10.penalty	1.45	log10.penalty	1.275	1	733
1.4625	1.4875	1.475 1.275	log10.penalty	1.475	log10.penalty	1.275	1	773
1.4875	1.5125	1.5 1.275	log10.penalty	1.5	log10.penalty	1.275	1	813
1.5125	1.5375	1.525 1.275	log10.penalty	1.525	log10.penalty	1.275	1	853
1.5375	1.5625	1.55 1.275	log10.penalty	1.55	log10.penalty	1.275	1	893
1.5625	1.5875	1.575 1.275	log10.penalty	1.575	log10.penalty	1.275	1	933
1.5875	1.6125	1.6 1.275	log10.penalty	1.6	log10.penalty	1.275	1	973
1.6125	1.6375	1.625 1.275	log10.penalty	1.625	log10.penalty	1.275	1	1013
1.6375	1.6625	1.65 1.275	log10.penalty	1.65	log10.penalty	1.275	1	1053
1.6625	1.6875	1.675 1.275	log10.penalty	1.675	log10.penalty	1.275	1	1093
1.6875	1.7125	1.7 1.275	log10.penalty	1.7	log10.penalty	1.275	1	1133
1.7125	1.7375	1.725 1.275	log10.penalty	1.725	log10.penalty	1.275	1	1173
1.7375	1.7625	1.75 1.275	log10.penalty	1.75	log10.penalty	1.275	1	1213
1.7625	1.7875	1.775 1.275	log10.penalty	1.775	log10.penalty	1.275	1	1253
1.7875	1.8125	1.8 1.275	log10.penalty	1.8	log10.penalty	1.275	1	1293
1.8125	1.8375	1.825 1.275	log10.penalty	1.825	log10.penalty	1.275	1	1333
1.8375	1.8625	1.85 1.275	log10.penalty	1.85	log10.penalty	1.275	1	1373
1.8625	1.8875	1.875 1.275	log10.penalty	1.875	log10.penalty	1.275	1	1413
1.8875	1.9125	1.9 1.275	log10.penalty	1.9	log10.penalty	1.275	1	1453
1.9125	1.9375	1.925 1.275	log10.penalty	1.925	log10.penalty	1.275	1	1493
1.9375	1.9625	1.95 1.275	log10.penalty	1.95	log10.penalty	1.275	1	1533
1.9625	1.9875	1.975 1.275	log10.penalty	1.975	log10.penalty	1.275	1	1573
1.9875	2.0125	2 1.275	log10.penalty	2	log10.penalty	1.275	1	1613
0.9875	1.0125	1 1.3	log10.penalty	1	log10.penalty	1.3	1	13
1.0125	1.0375	1.025 1.3	log10.penalty	1.025	log10.penalty	1.3	1	53
1.0375	1.0625	1.05 1.3	log10.penalty	1.05	log10.penalty	1.3	1	93
1.0625	1.0875	1.075 1.3	log10.penalty	1.075	log10.penalty	1.3	1	133
1.0875	1.1125	1.1 1.3	log10.penalty	1.1	log10.penalty	1.3	1	173
1.1125	1.1375	1.125 1.3	log10.penalty	1.125	log10.penalty	1.3	1	213
1.1375	1.1625	1.15 1.3	log10.penalty	1.15	log10.penalty	1.3	1	253
1.1625	1.1875	1.175 1.3	log10.penalty	1.175	log10.penalty	1.3	1	293
1.1875	1.2125	1.2 1.3	log10.penalty	1.2	log10.penalty	1.3	1	333
1.2125	1.2375	1.225 1.3	log10.penalty	1.225	log10.penalty	1.3	1	373
1.2375	1.2625	1.25 1.3	log10.penalty	1.25	log10.penalty	1.3	1	413
1.2625	1.2875	1.275 1.3	log10.penalty	1.275	log10.penalty	1.3	1	453
1.2875	1.3125	1	log10.penalty	1.3	log10.penalty	1.3	1	1
1.3125	1.3375	1.325 1.3	log10.penalty	1.325	log10.penalty	1.3	1	534
1.3375	1.3625	1.35 1.3	log10.penalty	1.35	log10.penalty	1.3	1	574
1.3625	1.3875	1.375 1.3	log10.penalty	1.375	log10.penalty	1.3	1	614
1.3875	1.4125	1.4 1.3	log10.penalty	1.4	log10.penalty	1.3	1	654
1.4125	1.4375	1.425 1.3	log10.penalty	1.425	log10.penalty	1.3	1	694
1.4375	1.4625	1.45 1.3	log10.penalty	1.45	log10.penalty	1.3	1	734
1.4625	1.4875	1.475 1.3	log10.penalty	1.475	log10.penalty	1.3	1	774
1.4875	1.5125	1.5 1.3	log10.penalty	1.5	log10.penalty	1.3	1	814
1.5125	1.5375	1.525 1.3	log10.penalty	1.525	log10.penalty	1.3	1	854
1.5375	1.5625	1.55 1.3	log10.penalty	1.55	log10.penalty	1.3	1	894
1.5625	1.5875	1.575 1.3	log10.penalty	1.575	log10.penalty	1.3	1	934
1.5875	1.6125	1.6 1.3	log10.penalty	1.6	log10.penalty	1.3	1	974
1.6125	1.6375	1.625 1.3	log10.penalty	1.625	log10.penalty	1.3	1	1014
1.6375	1.6625	1.65 1.3	log10.penalty	1.65	log10.penalty	1.3	1	1054
1.6625	1.6875	1.675 1.3	log10.penalty	1.675	log10.penalty	1.3	1	1094
1.6875	1.7125	1.7 1.3	log10.penalty	1.7	log10.penalty	1.3	1	1134
1.7125	1.7375	1.725 1.3	log10.penalty	1.725	log10.penalty	1.3	1	1174
1.7375	1.7625	1.75 1.3	log10.penalty	1.75	log10.penalty	1.3	1	1214
1.7625	1.7875	1.775 1.3	log10.penalty	1.775	log10.penalty	1.3	1	1254
1.7875	1.8125	1.8 1.3	log10.penalty	1.8	log10.penalty	1.3	1	1294
1.8125	1.8375	1.825 1.3	log10.penalty	1.825	log10.penalty	1.3	1	1334
1.8375	1.8625	1.85 1.3	log10.penalty	1.85	log10.penalty	1.3	1	1374
1.8625	1.8875	1.875 1.3	log10.penalty	1.875	log10.penalty	1.3	1	1414
1.8875	1.9125	1.9 1.3	log10.penalty	1.9	log10.penalty	1.3	1	1454
1.9125	1.9375	1.925 1.3	log10.penalty	1.925	log10.penalty	1.3	1	1494
1.9375	1.9625	1.95 1.3	log10.penalty	1.95	log10.penalty	1.3	1	1534
1.9625	1.9875	1.975 1.3	log10.penalty	1.975	log10.penalty	1.3	1	1574
1.9875	2.0125	2 1.3	log10.penalty	2	log10.penalty	1.3	1	1614
0.9875	1.0125	1 1.325	log10.penalty	1	log10.penalty	1.325	1	14
1.0125	1.0375	1.025 1.325	log10.penalty	1.025	log10.penalty	1.325	1	54
1.0375	1.0625	1.05 1.325	log10.penalty	1.05	log10.penalty	1.325	1	94
1.0625	1.0875	1.075 1.325	log10.penalty	1.075	log10.penalty	1.325	1	134
1.0875	1.1125	1.1 1.325	log10.penalty	1.1	log10.penalty	1.325	1	174
1.1125	1.1375	1.125 1.325	log10.penalty	1.125	log10.penalty	1.325	1	214
1.1375	1.1625	1.15 1.325	log10.penalty	1.15	log10.penalty	1.325	1	254
1.1625	1.1875	1.175 1.325	log10.penalty	1.175	log10.penalty	1.325	1	294
1.1875	1.2125	1.2 1.325	log10.penalty	1.2	log10.penalty	1.325	1	334
1.2125	1.2375	1.225 1.325	log10.penalty	1.225	log10.penalty	1.325	1	374
1.2375	1.2625	1.25 1.325	log10.penalty	1.25	log10.penalty	1.325	1	414
1.2625	1.2875	1.275 1.325	log10.penalty	1.275	log10.penalty	1.325	1	454
1.2875	1.3125	1.3 1.325	log10.penalty	1.3	log10.penalty	1.325	1	494
1.3125	1.3375	1	log10.penalty	1.325	log10.penalty	1.325	1	1
1.3375	1.3625	1.35 1.325	log10.penalty	1.35	log10.penalty	1.325	1	575
1.3625	1.3875	1.375 1.325	log10.penalty	1.375	log10.penalty	1.325	1	615
1.3875	1.4125	1.4 1.325	log10.penalty	1.4	log10.penalty	1.325	1	655
1.4125	1.4375	1.425 1.325	log10.penalty	1.425	log10.penalty	1.325	1	695
1.4375	1.4625	1.45 1.325	log10.penalty	1.45	log10.penalty	1.325	1	735
1.4625	1.4875	1.475 1.325	log10.penalty	1.475	log10.penalty	1.325	1	775
1.4875	1.5125	1.5 1.325	log10.penalty	1.5	log10.penalty	1.325	1	815
1.5125	1.5375	1.525 1.325	log10.penalty	1.525	log10.penalty	1.325	1	855
1.5375	1.5625	1.55 1.325	log10.penalty	1.55	log10.penalty	1.325	1	895
1.5625	1.5875	1.575 1.325	log10.penalty	1.575	log10.penalty	1.325	1	935
1.5875	1.6125	1.6 1.325	log10.penalty	1.6	log10.penalty	1.325	1	975
1.6125	1.6375	1.625 1.325	log10.penalty	1.625	log10.penalty	1.325	1	1015
1.6375	1.6625	1.65 1.325	log10.penalty	1.65	log10.penalty	1.325	1	1055
1.6625	1.6875	1.675 1.325	log10.penalty	1.675	log10.penalty	1.325	1	1095
1.6875	1.7125	1.7 1.325	log10.penalty	1.7	log10.penalty	1.325	1	1135
1.7125	1.7375	1.725 1.325	log10.penalty	1.725	log10.penalty	1.325	1	1175
1.7375	1.7625	1.75 1.325	log10.penalty	1.75	log10.penalty	1.325	1	1215
1.7625	1.7875	1.775 1.325	log10.penalty	1.775	log10.penalty	1.325	1	1255
1.7875	1.8125	1.8 1.325	log10.penalty	1.8	log10.penalty	1.325	1	1295
1.8125	1.8375	1.825 1.325	log10.penalty	1.825	log10.penalty	1.325	1	1335
1.8375	1.8625	1.85 1.325	log10.penalty	1.85	log10.penalty	1.325	1	1375
1.8625	1.8875	1.875 1.325	log10.penalty	1.875	log10.penalty	1.325	1	1415
1.8875	1.9125	1.9 1.325	log10.penalty	1.9	log10.penalty	1.325	1	1455
1.9125	1.9375	1.925 1.325	log10.penalty	1.925	log10.penalty	1.325	1	1495
1.9375	1.9625	1.95 1.325	log10.penalty	1.95	log10.penalty	1.325	1	1535
1.9625	1.9875	1.975 1.325	log10.penalty	1.975	log10.penalty	1.325	1	1575
1.9875	2.0125	2 1.325	log10.penalty	2	log10.penalty	1.325	1	1615
0.9875	1.0125	1 1.35	log10.penalty	1	log10.penalty	1.35	1	15
1.0125	1.0375	1.025 1.35	log10.penalty	1.025	log10.penalty	1.35	1	55
1.0375	1.0625	1.05 1.35	log10.penalty	1.05	log10.penalty	1.35	1	95
1.0625	1.0875	1.075 1.35	log10.penalty	1.075	log10.penalty	1.35	1	135
1.0875	1.1125	1.1 1.35	log10.penalty	1.1	log10.penalty	1.35	1	175
1.1125	1.1375	1.125 1.35	log10.penalty	1.125	log10.penalty	1.35	1	215
1.1375	1.1625	1.15 1.35	log10.penalty	1.15	log10.penalty	1.35	1	255
1.1625	1.1875	1.175 1.35	log10.penalty	1.175	log10.penalty	1.35	1	295
1.1875	1.2125	1.2 1.35	log10.penalty	1.2	log10.penalty	1.35	1	335
1.2125	1.2375	1.225 1.35	log10.penalty	1.225	log10.penalty	1.35	1	375
1.2375	1.2625	1.25 1.35	log10.penalty	1.25	log10.penalty	1.35	1	415
1.2625	1.2875	1.275 1.35	log10.penalty	1.275	log10.penalty	1.35	1	455
1.2875	1.3125	1.3 1.35	log10.penalty	1.3	log10.penalty	1.35	1	495
1.3125	1.3375	1.325 1.35	log10.penalty	1.325	log10.penalty	1.35	1	535
1.3375	1.3625	1	log10.penalty	1.35	log10.penalty	1.35	1	1
1.3625	1.3875	1.375 1.35	log10.penalty	1.375	log10.penalty	1.35	1	616
1.3875	1.4125	1.4 1.35	log10.penalty	1.4	log10.penalty	1.35	1	656
1.4125	1.4375	1.425 1.35	log10.penalty	1.425	log10.penalty	1.35	1	696
1.4375	1.4625	1.45 1.35	log10.penalty	1.45	log10.penalty	1.35	1	736
1.4625	1.4875	1.475 1.35	log10.penalty	1.475	log10.penalty	1.35	1	776
1.4875	1.5125	1.5 1.35	log10.penalty	1.5	log10.penalty	1.35	1	816
1.5125	1.5375	1.525 1.35	log10.penalty	1.525	log10.penalty	1.35	1	856
1.5375	1.5625	1.55 1.35	log10.penalty	1.55	log10.penalty	1.35	1	896
1.5625	1.5875	1.575 1.35	log10.penalty	1.575	log10.penalty	1.35	1	936
1.5875	1.6125	1.6 1.35	log10.penalty	1.6	log10.penalty	1.35	1	976
1.6125	1.6375	1.625 1.35	log10.penalty	1.625	log10.penalty	1.35	1	1016
1.6375	1.6625	1.65 1.35	log10.penalty	1.65	log10.penalty	1.35	1	1056
1.6625	1.6875	1.675 1.35	log10.penalty	1.675	log10.penalty	1.35	1	1096
1.6875	1.7125	1.7 1.35	log10.penalty	1.7	log10.penalty	1.35	1	1136
1.7125	1.7375	1.725 1.35	log10.penalty	1.725	log10.penalty	1.35	1	1176
1.7375	1.7625	1.75 1.35	log10.penalty	1.75	log10.penalty	1.35	1	1216
1.7625	1.7875	1.775 1.35	log10.penalty	1.775	log10.penalty	1.35	1	1256
1.7875	1.8125	1.8 1.35	log10.penalty	1.8	log10.penalty	1.35	1	1296
1.8125	1.8375	1.825 1.35	log10.penalty	1.825	log10.penalty	1.35	1	1336
1.8375	1.8625	1.85 1.35	log10.penalty	1.85	log10.penalty	1.35	1	1376
1.8625	1.8875	1.875 1.35	log10.penalty	1.875	log10.penalty	1.35	1	1416
1.8875	1.9125	1.9 1.35	log10.penalty	1.9	log10.penalty	1.35	1	1456
1.9125	1.9375	1.925 1.35	log10.penalty	1.925	log10.penalty	1.35	1	1496
1.9375	1.9625	1.95 1.35	log10.penalty	1.95	log10.penalty	1.35	1	1536
1.9625	1.9875	1.975 1.35	log10.penalty	1.975	log10.penalty	1.35	1	1576
1.9875	2.0125	2 1.35	log10.penalty	2	log10.penalty	1.35	1	1616
0.9875	1.0125	1 1.375	log10.penalty	1	log10.penalty	1.375	1	16
1.0125	1.0375	1.025 1.375	log10.penalty	1.025	log10.penalty	1.375	1	56
1.0375	1.0625	1.05 1.375	log10.penalty	1.05	log10.penalty	1.375	1	96
1.0625	1.0875	1.075 1.375	log10.penalty	1.075	log10.penalty	1.375	1	136
1.0875	1.1125	1.1 1.375	log10.penalty	1.1	log10.penalty	1.375	1	176
1.1125	1.1375	1.125 1.375	log10.penalty	1.125	log10.penalty	1.375	1	216
1.1375	1.1625	1.15 1.375	log10.penalty	1.15	log10.penalty	1.375	1	256
1.1625	1.1875	1.175 1.375	log10.penalty	1.175	log10.penalty	1.375	1	296
1.1875	1.2125	1.2 1.375	log10.penalty	1.2	log10.penalty	1.375	1	336
1.2125	1.2375	1.225 1.375	log10.penalty	1.225	log10.penalty	1.375	1	376
1.2375	1.2625	1.25 1.375	log10.penalty	1.25	log10.penalty	1.375	1	416
1.2625	1.2875	1.275 1.375	log10.penalty	1.275	log10.penalty	1.375	1	456
1.2875	1.3125	1.3 1.375	log10.penalty	1.3	log10.penalty	1.375	1	496
1.3125	1.3375	1.325 1.375	log10.penalty	1.325	log10.penalty	1.375	1	536
1.3375	1.3625	1.35 1.375	log10.penalty	1.35	log10.penalty	1.375	1	576
1.3625	1.3875	1	log10.penalty	1.375	log10.penalty	1.375	1	1
1.3875	1.4125	1.4 1.375	log10.penalty	1.4	log10.penalty	1.375	1	657
1.4125	1.4375	1.425 1.375	log10.penalty	1.425	log10.penalty	1.375	1	697
1.4375	1.4625	1.45 1.375	log10.penalty	1.45	log10.penalty	1.375	1	737
1.4625	1.4875	1.475 1.375	log10.penalty	1.475	log10.penalty	1.375	1	777
1.4875	1.5125	1.5 1.375	log10.penalty	1.5	log10.penalty	1.375	1	817
1.5125	1.5375	1.525 1.375	log10.penalty	1.525	log10.penalty	1.375	1	857
1.5375	1.5625	1.55 1.375	log10.penalty	1.55	log10.penalty	1.375	1	897
1.5625	1.5875	1.575 1.375	log10.penalty	1.575	log10.penalty	1.375	1	937
1.5875	1.6125	1.6 1.375	log10.penalty	1.6	log10.penalty	1.375	1	977
1.6125	1.6375	1.625 1.375	log10.penalty	1.625	log10.penalty	1.375	1	1017
1.6375	1.6625	1.65 1.375	log10.penalty	1.65	log10.penalty	1.375	1	1057
1.6625	1.6875	1.675 1.375	log10.penalty	1.675	log10.penalty	1.375	1	1097
1.6875	1.7125	1.7 1.375	log10.penalty	1.7	log10.penalty	1.375	1	1137
1.7125	1.7375	1.725 1.375	log10.penalty	1.725	log10.penalty	1.375	1	1177
1.7375	1.7625	1.75 1.375	log10.penalty	1.75	log10.penalty	1.375	1	1217
1.7625	1.7875	1.775 1.375	log10.penalty	1.775	log10.penalty	1.375	1	1257
1.7875	1.8125	1.8 1.375	log10.penalty	1.8	log10.penalty	1.375	1	1297
1.8125	1.8375	1.825 1.375	log10.penalty	1.825	log10.penalty	1.375	1	1337
1.8375	1.8625	1.85 1.375	log10.penalty	1.85	log10.penalty	1.375	1	1377
1.8625	1.8875	1.875 1.375	log10.penalty	1.875	log10.penalty	1.375	1	1417
1.8875	1.9125	1.9 1.375	log10.penalty	1.9	log10.penalty	1.375	1	1457
1.9125	1.9375	1.925 1.375	log10.penalty	1.925	log10.penalty	1.375	1	1497
1.9375	1.9625	1.95 1.375	log10.penalty	1.95	log10.penalty	1.375	1	1537
1.9625	1.9875	1.975 1.375	log10.penalty	1.975	log10.penalty	1.375	1	1577
1.9875	2.0125	2 1.375	log10.penalty	2	log10.penalty	1.375	1	1617
0.9875	1.0125	1 1.4	log10.penalty	1	log10.penalty	1.4	1	17
1.0125	1.0375	1.025 1.4	log10.penalty	1.025	log10.penalty	1.4	1	57
1.0375	1.0625	1.05 1.4	log10.penalty	1.05	log10.penalty	1.4	1	97
1.0625	1.0875	1.075 1.4	log10.penalty	1.075	log10.penalty	1.4	1	137
1.0875	1.1125	1.1 1.4	log10.penalty	1.1	log10.penalty	1.4	1	177
1.1125	1.1375	1.125 1.4	log10.penalty	1.125	log10.penalty	1.4	1	217
1.1375	1.1625	1.15 1.4	log10.penalty	1.15	log10.penalty	1.4	1	257
1.1625	1.1875	1.175 1.4	log10.penalty	1.175	log10.penalty	1.4	1	297
1.1875	1.2125	1.2 1.4	log10.penalty	1.2	log10.penalty	1.4	1	337
1.2125	1.2375	1.225 1.4	log10.penalty	1.225	log10.penalty	1.4	1	377
1.2375	1.2625	1.25 1.4	log10.penalty	1.25	log10.penalty	1.4	1	417
1.2625	1.2875	1.275 1.4	log10.penalty	1.275	log10.penalty	1.4	1	457
1.2875	1.3125	1.3 1.4	log10.penalty	1.3	log10.penalty	1.4	1	497
1.3125	1.3375	1.325 1.4	log10.penalty	1.325	log10.penalty	1.4	1	537
1.3375	1.3625	1.35 1.4	log10.penalty	1.35	log10.penalty	1.4	1	577
1.3625	1.3875	1.375 1.4	log10.penalty	1.375	log10.penalty	1.4	1	617
1.3875	1.4125	1	log10.penalty	1.4	log10.penalty	1.4	1	1
1.4125	1.4375	1.425 1.4	log10.penalty	1.425	log10.penalty	1.4	1	698
1.4375	1.4625	1.45 1.4	log10.penalty	1.45	log10.penalty	1.4	1	738
1.4625	1.4875	1.475 1.4	log10.penalty	1.475	log10.penalty	1.4	1	778
1.4875	1.5125	1.5 1.4	log10.penalty	1.5	log10.penalty	1.4	1	818
1.5125	1.5375	1.525 1.4	log10.penalty	1.525	log10.penalty	1.4	1	858
1.5375	1.5625	1.55 1.4	log10.penalty	1.55	log10.penalty	1.4	1	898
1.5625	1.5875	1.575 1.4	log10.penalty	1.575	log10.penalty	1.4	1	938
1.5875	1.6125	1.6 1.4	log10.penalty	1.6	log10.penalty	1.4	1	978
1.6125	1.6375	1.625 1.4	log10.penalty	1.625	log10.penalty	1.4	1	1018
1.6375	1.6625	1.65 1.4	log10.penalty	1.65	log10.penalty	1.4	1	1058
1.6625	1.6875	1.675 1.4	log10.penalty	1.675	log10.penalty	1.4	1	1098
1.6875	1.7125	1.7 1.4	log10.penalty	1.7	log10.penalty	1.4	1	1138
1.7125	1.7375	1.725 1.4	log10.penalty	1.725	log10.penalty	1.4	1	1178
1.7375	1.7625	1.75 1.4	log10.penalty	1.75	log10.penalty	1.4	1	1218
1.7625	1.7875	1.775 1.4	log10.penalty	1.775	log10.penalty	1.4	1	1258
1.7875	1.8125	1.8 1.4	log10.penalty	1.8	log10.penalty	1.4	1	1298
1.8125	1.8375	1.825 1.4	log10.penalty	1.825	log10.penalty	1.4	1	1338
1.8375	1.8625	1.85 1.4	log10.penalty	1.85	log10.penalty	1.4	1	1378
1.8625	1.8875	1.875 1.4	log10.penalty	1.875	log10.penalty	1.4	1	1418
1.8875	1.9125	1.9 1.4	log10.penalty	1.9	log10.penalty	1.4	1	1458
1.9125	1.9375	1.925 1.4	log10.penalty	1.925	log10.penalty	1.4	1	1498
1.9375	1.9625	1.95 1.4	log10.penalty	1.95	log10.penalty	1.4	1	1538
1.9625	1.9875	1.975 1.4	log10.penalty	1.975	log10.penalty	1.4	1	1578
1.9875	2.0125	2 1.4	log10.penalty	2	log10.penalty	1.4	1	1618
0.9875	1.0125	1 1.425	log10.penalty	1	log10.penalty	1.425	1	18
1.0125	1.0375	1.025 1.425	log10.penalty	1.025	log10.penalty	1.425	1	58
1.0375	1.0625	1.05 1.425	log10.penalty	1.05	log10.penalty	1.425	1	98
1.0625	1.0875	1.075 1.425	log10.penalty	1.075	log10.penalty	1.425	1	138
1.0875	1.1125	1.1 1.425	log10.penalty	1.1	log10.penalty	1.425	1	178
1.1125	1.1375	1.125 1.425	log10.penalty	1.125	log10.penalty	1.425	1	218
1.1375	1.1625	1.15 1.425	log10.penalty	1.15	log10.penalty	1.425	1	258
1.1625	1.1875	1.175 1.425	log10.penalty	1.175	log10.penalty	1.425	1	298
1.1875	1.2125	1.2 1.425	log10.penalty	1.2	log10.penalty	1.425	1	338
1.2125	1.2375	1.225 1.425	log10.penalty	1.225	log10.penalty	1.425	1	378
1.2375	1.2625	1.25 1.425	log10.penalty	1.25	log10.penalty	1.425	1	418
1.2625	1.2875	1.275 1.425	log10.penalty	1.275	log10.penalty	1.425	1	458
1.2875	1.3125	1.3 1.425	log10.penalty	1.3	log10.penalty	1.425	1	498
1.3125	1.3375	1.325 1.425	log10.penalty	1.325	log10.penalty	1.425	1	538
1.3375	1.3625	1.35 1.425	log10.penalty	1.35	log10.penalty	1.425	1	578
1.3625	1.3875	1.375 1.425	log10.penalty	1.375	log10.penalty	1.425	1	618
1.3875	1.4125	1.4 1.425	log10.penalty	1.4	log10.penalty	1.425	1	658
1.4125	1.4375	1	log10.penalty	1.425	log10.penalty	1.425	1	1
1.4375	1.4625	1.45 1.425	log10.penalty	1.45	log10.penalty	1.425	1	739
1.4625	1.4875	1.475 1.425	log10.penalty	1.475	log10.penalty	1.425	1	779
1.4875	1.5125	1.5 1.425	log10.penalty	1.5	log10.penalty	1.425	1	819
1.5125	1.5375	1.525 1.425	log10.penalty	1.525	log10.penalty	1.425	1	859
1.5375	1.5625	1.55 1.425	log10.penalty	1.55	log10.penalty	1.425	1	899
1.5625	1.5875	1.575 1.425	log10.penalty	1.575	log10.penalty	1.425	1	939
1.5875	1.6125	1.6 1.425	log10.penalty	1.6	log10.penalty	1.425	1	979
1.6125	1.6375	1.625 1.425	log10.penalty	1.625	log10.penalty	1.425	1	1019
1.6375	1.6625	1.65 1.425	log10.penalty	1.65	log10.penalty	1.425	1	1059
1.6625	1.6875	1.675 1.425	log10.penalty	1.675	log10.penalty	1.425	1	1099
1.6875	1.7125	1.7 1.425	log10.penalty	1.7	log10.penalty	1.425	1	1139
1.7125	1.7375	1.725 1.425	log10.penalty	1.725	log10.penalty	1.425	1	1179
1.7375	1.7625	1.75 1.425	log10.penalty	1.75	log10.penalty	1.425	1	1219
1.7625	1.7875	1.775 1.425	log10.penalty	1.775	log10.penalty	1.425	1	1259
1.7875	1.8125	1.8 1.425	log10.penalty	1.8	log10.penalty	1.425	1	1299
1.8125	1.8375	1.825 1.425	log10.penalty	1.825	log10.penalty	1.425	1	1339
1.8375	1.8625	1.85 1.425	log10.penalty	1.85	log10.penalty	1.425	1	1379
1.8625	1.8875	1.875 1.425	log10.penalty	1.875	log10.penalty	1.425	1	1419
1.8875	1.9125	1.9 1.425	log10.penalty	1.9	log10.penalty	1.425	1	1459
1.9125	1.9375	1.925 1.425	log10.penalty	1.925	log10.penalty	1.425	1	1499
1.9375	1.9625	1.95 1.425	log10.penalty	1.95	log10.penalty	1.425	1	1539
1.9625	1.9875	1.975 1.425	log10.penalty	1.975	log10.penalty	1.425	1	1579
1.9875	2.0125	2 1.425	log10.penalty	2	log10.penalty	1.425	1	1619
0.9875	1.0125	1 1.45	log10.penalty	1	log10.penalty	1.45	1	19
1.0125	1.0375	1.025 1.45	log10.penalty	1.025	log10.penalty	1.45	1	59
1.0375	1.0625	1.05 1.45	log10.penalty	1.05	log10.penalty	1.45	1	99
1.0625	1.0875	1.075 1.45	log10.penalty	1.075	log10.penalty	1.45	1	139
1.0875	1.1125	1.1 1.45	log10.penalty	1.1	log10.penalty	1.45	1	179
1.1125	1.1375	1.125 1.45	log10.penalty	1.125	log10.penalty	1.45	1	219
1.1375	1.1625	1.15 1.45	log10.penalty	1.15	log10.penalty	1.45	1	259
1.1625	1.1875	1.175 1.45	log10.penalty	1.175	log10.penalty	1.45	1	299
1.1875	1.2125	1.2 1.45	log10.penalty	1.2	log10.penalty	1.45	1	339
1.2125	1.2375	1.225 1.45	log10.penalty	1.225	log10.penalty	1.45	1	379
1.2375	1.2625	1.25 1.45	log10.penalty	1.25	log10.penalty	1.45	1	419
1.2625	1.2875	1.275 1.45	log10.penalty	1.275	log10.penalty	1.45	1	459
1.2875	1.3125	1.3 1.45	log10.penalty	1.3	log10.penalty	1.45	1	499
1.3125	1.3375	1.325 1.45	log10.penalty	1.325	log10.penalty	1.45	1	539
1.3375	1.3625	1.35 1.45	log10.penalty	1.35	log10.penalty	1.45	1	579
1.3625	1.3875	1.375 1.45	log10.penalty	1.375	log10.penalty	1.45	1	619
1.3875	1.4125	1.4 1.45	log10.penalty	1.4	log10.penalty	1.45	1	659
1.4125	1.4375	1.425 1.45	log10.penalty	1.425	log10.penalty	1.45	1	699
1.4375	1.4625	1	log10.penalty	1.45	log10.penalty	1.45	1	1
1.4625	1.4875	1.475 1.45	log10.penalty	1.475	log10.penalty	1.45	1	780
1.4875	1.5125	1.5 1.45	log10.penalty	1.5	log10.penalty	1.45	1	820
1.5125	1.5375	1.525 1.45	log10.penalty	1.525	log10.penalty	1.45	1	860
1.5375	1.5625	1.55 1.45	log10.penalty	1.55	log10.penalty	1.45	1	900
1.5625	1.5875	1.575 1.45	log10.penalty	1.575	log10.penalty	1.45	1	940
1.5875	1.6125	1.6 1.45	log10.penalty	1.6	log10.penalty	1.45	1	980
1.6125	1.6375	1.625 1.45	log10.penalty	1.625	log10.penalty	1.45	1	1020
1.6375	1.6625	1.65 1.45	log10.penalty	1.65	log10.penalty	1.45	1	1060
1.6625	1.6875	1.675 1.45	log10.penalty	1.675	log10.penalty	1.45	1	1100
1.6875	1.7125	1.7 1.45	log10.penalty	1.7	log10.penalty	1.45	1	1140
1.7125	1.7375	1.725 1.45	log10.penalty	1.725	log10.penalty	1.45	1	1180
1.7375	1.7625	1.75 1.45	log10.penalty	1.75	log10.penalty	1.45	1	1220
1.7625	1.7875	1.775 1.45	log10.penalty	1.775	log10.penalty	1.45	1	1260
1.7875	1.8125	1.8 1.45	log10.penalty	1.8	log10.penalty	1.45	1	1300
1.8125	1.8375	1.825 1.45	log10.penalty	1.825	log10.penalty	1.45	1	1340
1.8375	1.8625	1.85 1.45	log10.penalty	1.85	log10.penalty	1.45	1	1380
1.8625	1.8875	1.875 1.45	log10.penalty	1.875	log10.penalty	1.45	1	1420
1.8875	1.9125	1.9 1.45	log10.penalty	1.9	log10.penalty	1.45	1	1460
1.9125	1.9375	1.925 1.45	log10.penalty	1.925	log10.penalty	1.45	1	1500
1.9375	1.9625	1.95 1.45	log10.penalty	1.95	log10.penalty	1.45	1	1540
1.9625	1.9875	1.975 1.45	log10.penalty	1.975	log10.penalty	1.45	1	1580
1.9875	2.0125	2 1.45	log10.penalty	2	log10.penalty	1.45	1	1620
0.9875	1.0125	1 1.475	log10.penalty	1	log10.penalty	1.475	1	20
1.0125	1.0375	1.025 1.475	log10.penalty	1.025	log10.penalty	1.475	1	60
1.0375	1.0625	1.05 1.475	log10.penalty	1.05	log10.penalty	1.475	1	100
1.0625	1.0875	1.075 1.475	log10.penalty	1.075	log10.penalty	1.475	1	140
1.0875	1.1125	1.1 1.475	log10.penalty	1.1	log10.penalty	1.475	1	180
1.1125	1.1375	1.125 1.475	log10.penalty	1.125	log10.penalty	1.475	1	220
1.1375	1.1625	1.15 1.475	log10.penalty	1.15	log10.penalty	1.475	1	260
1.1625	1.1875	1.175 1.475	log10.penalty	1.175	log10.penalty	1.475	1	300
1.1875	1.2125	1.2 1.475	log10.penalty	1.2	log10.penalty	1.475	1	340
1.2125	1.2375	1.225 1.475	log10.penalty	1.225	log10.penalty	1.475	1	380
1.2375	1.2625	1.25 1.475	log10.penalty	1.25	log10.penalty	1.475	1	420
1.2625	1.2875	1.275 1.475	log10.penalty	1.275	log10.penalty	1.475	1	460
1.2875	1.3125	1.3 1.475	log10.penalty	1.3	log10.penalty	1.475	1	500
1.3125	1.3375	1.325 1.475	log10.penalty	1.325	log10.penalty	1.475	1	540
1.3375	1.3625	1.35 1.475	log10.penalty	1.35	log10.penalty	1.475	1	580
1.3625	1.3875	1.375 1.475	log10.penalty	1.375	log10.penalty	1.475	1	620
1.3875	1.4125	1.4 1.475	log10.penalty	1.4	log10.penalty	1.475	1	660
1.4125	1.4375	1.425 1.475	log10.penalty	1.425	log10.penalty	1.475	1	700
1.4375	1.4625	1.45 1.475	log10.penalty	1.45	log10.penalty	1.475	1	740
1.4625	1.4875	1	log10.penalty	1.475	log10.penalty	1.475	1	1
1.4875	1.5125	1.5 1.475	log10.penalty	1.5	log10.penalty	1.475	1	821
1.5125	1.5375	1.525 1.475	log10.penalty	1.525	log10.penalty	1.475	1	861
1.5375	1.5625	1.55 1.475	log10.penalty	1.55	log10.penalty	1.475	1	901
1.5625	1.5875	1.575 1.475	log10.penalty	1.575	log10.penalty	1.475	1	941
1.5875	1.6125	1.6 1.475	log10.penalty	1.6	log10.penalty	1.475	1	981
1.6125	1.6375	1.625 1.475	log10.penalty	1.625	log10.penalty	1.475	1	1021
1.6375	1.6625	1.65 1.475	log10.penalty	1.65	log10.penalty	1.475	1	1061
1.6625	1.6875	1.675 1.475	log10.penalty	1.675	log10.penalty	1.475	1	1101
1.6875	1.7125	1.7 1.475	log10.penalty	1.7	log10.penalty	1.475	1	1141
1.7125	1.7375	1.725 1.475	log10.penalty	1.725	log10.penalty	1.475	1	1181
1.7375	1.7625	1.75 1.475	log10.penalty	1.75	log10.penalty	1.475	1	1221
1.7625	1.7875	1.775 1.475	log10.penalty	1.775	log10.penalty	1.475	1	1261
1.7875	1.8125	1.8 1.475	log10.penalty	1.8	log10.penalty	1.475	1	1301
1.8125	1.8375	1.825 1.475	log10.penalty	1.825	log10.penalty	1.475	1	1341
1.8375	1.8625	1.85 1.475	log10.penalty	1.85	log10.penalty	1.475	1	1381
1.8625	1.8875	1.875 1.475	log10.penalty	1.875	log10.penalty	1.475	1	1421
1.8875	1.9125	1.9 1.475	log10.penalty	1.9	log10.penalty	1.475	1	1461
1.9125	1.9375	1.925 1.475	log10.penalty	1.925	log10.penalty	1.475	1	1501
1.9375	1.9625	1.95 1.475	log10.penalty	1.95	log10.penalty	1.475	1	1541
1.9625	1.9875	1.975 1.475	log10.penalty	1.975	log10.penalty	1.475	1	1581
1.9875	2.0125	2 1.475	log10.penalty	2	log10.penalty	1.475	1	1621
0.9875	1.0125	1 1.5	log10.penalty	1	log10.penalty	1.5	1	21
1.0125	1.0375	1.025 1.5	log10.penalty	1.025	log10.penalty	1.5	1	61
1.0375	1.0625	1.05 1.5	log10.penalty	1.05	log10.penalty	1.5	1	101
1.0625	1.0875	1.075 1.5	log10.penalty	1.075	log10.penalty	1.5	1	141
1.0875	1.1125	1.1 1.5	log10.penalty	1.1	log10.penalty	1.5	1	181
1.1125	1.1375	1.125 1.5	log10.penalty	1.125	log10.penalty	1.5	1	221
1.1375	1.1625	1.15 1.5	log10.penalty	1.15	log10.penalty	1.5	1	261
1.1625	1.1875	1.175 1.5	log10.penalty	1.175	log10.penalty	1.5	1	301
1.1875	1.2125	1.2 1.5	log10.penalty	1.2	log10.penalty	1.5	1	341
1.2125	1.2375	1.225 1.5	log10.penalty	1.225	log10.penalty	1.5	1	381
1.2375	1.2625	1.25 1.5	log10.penalty	1.25	log10.penalty	1.5	1	421
1.2625	1.2875	1.275 1.5	log10.penalty	1.275	log10.penalty	1.5	1	461
1.2875	1.3125	1.3 1.5	log10.penalty	1.3	log10.penalty	1.5	1	501
1.3125	1.3375	1.325 1.5	log10.penalty	1.325	log10.penalty	1.5	1	541
1.3375	1.3625	1.35 1.5	log10.penalty	1.35	log10.penalty	1.5	1	581
1.3625	1.3875	1.375 1.5	log10.penalty	1.375	log10.penalty	1.5	1	621
1.3875	1.4125	1.4 1.5	log10.penalty	1.4	log10.penalty	1.5	1	661
1.4125	1.4375	1.425 1.5	log10.penalty	1.425	log10.penalty	1.5	1	701
1.4375	1.4625	1.45 1.5	log10.penalty	1.45	log10.penalty	1.5	1	741
1.4625	1.4875	1.475 1.5	log10.penalty	1.475	log10.penalty	1.5	1	781
1.4875	1.5125	1	log10.penalty	1.5	log10.penalty	1.5	1	1
1.5125	1.5375	1.525 1.5	log10.penalty	1.525	log10.penalty	1.5	1	862
1.5375	1.5625	1.55 1.5	log10.penalty	1.55	log10.penalty	1.5	1	902
1.5625	1.5875	1.575 1.5	log10.penalty	1.575	log10.penalty	1.5	1	942
1.5875	1.6125	1.6 1.5	log10.penalty	1.6	log10.penalty	1.5	1	982
1.6125	1.6375	1.625 1.5	log10.penalty	1.625	log10.penalty	1.5	1	1022
1.6375	1.6625	1.65 1.5	log10.penalty	1.65	log10.penalty	1.5	1	1062
1.6625	1.6875	1.675 1.5	log10.penalty	1.675	log10.penalty	1.5	1	1102
1.6875	1.7125	1.7 1.5	log10.penalty	1.7	log10.penalty	1.5	1	1142
1.7125	1.7375	1.725 1.5	log10.penalty	1.725	log10.penalty	1.5	1	1182
1.7375	1.7625	1.75 1.5	log10.penalty	1.75	log10.penalty	1.5	1	1222
1.7625	1.7875	1.775 1.5	log10.penalty	1.775	log10.penalty	1.5	1	1262
1.7875	1.8125	1.8 1.5	log10.penalty	1.8	log10.penalty	1.5	1	1302
1.8125	1.8375	1.825 1.5	log10.penalty	1.825	log10.penalty	1.5	1	1342
1.8375	1.8625	1.85 1.5	log10.penalty	1.85	log10.penalty	1.5	1	1382
1.8625	1.8875	1.875 1.5	log10.penalty	1.875	log10.penalty	1.5	1	1422
1.8875	1.9125	1.9 1.5	log10.penalty	1.9	log10.penalty	1.5	1	1462
1.9125	1.9375	1.925 1.5	log10.penalty	1.925	log10.penalty	1.5	1	1502
1.9375	1.9625	1.95 1.5	log10.penalty	1.95	log10.penalty	1.5	1	1542
1.9625	1.9875	1.975 1.5	log10.penalty	1.975	log10.penalty	1.5	1	1582
1.9875	2.0125	2 1.5	log10.penalty	2	log10.penalty	1.5	1	1622
0.9875	1.0125	1 1.525	log10.penalty	1	log10.penalty	1.525	1	22
1.0125	1.0375	1.025 1.525	log10.penalty	1.025	log10.penalty	1.525	1	62
1.0375	1.0625	1.05 1.525	log10.penalty	1.05	log10.penalty	1.525	1	102
1.0625	1.0875	1.075 1.525	log10.penalty	1.075	log10.penalty	1.525	1	142
1.0875	1.1125	1.1 1.525	log10.penalty	1.1	log10.penalty	1.525	1	182
1.1125	1.1375	1.125 1.525	log10.penalty	1.125	log10.penalty	1.525	1	222
1.1375	1.1625	1.15 1.525	log10.penalty	1.15	log10.penalty	1.525	1	262
1.1625	1.1875	1.175 1.525	log10.penalty	1.175	log10.penalty	1.525	1	302
1.1875	1.2125	1.2 1.525	log10.penalty	1.2	log10.penalty	1.525	1	342
1.2125	1.2375	1.225 1.525	log10.penalty	1.225	log10.penalty	1.525	1	382
1.2375	1.2625	1.25 1.525	log10.penalty	1.25	log10.penalty	1.525	1	422
1.2625	1.2875	1.275 1.525	log10.penalty	1.275	log10.penalty	1.525	1	462
1.2875	1.3125	1.3 1.525	log10.penalty	1.3	log10.penalty	1.525	1	502
1.3125	1.3375	1.325 1.525	log10.penalty	1.325	log10.penalty	1.525	1	542
1.3375	1.3625	1.35 1.525	log10.penalty	1.35	log10.penalty	1.525	1	582
1.3625	1.3875	1.375 1.525	log10.penalty	1.375	log10.penalty	1.525	1	622
1.3875	1.4125	1.4 1.525	log10.penalty	1.4	log10.penalty	1.525	1	662
1.4125	1.4375	1.425 1.525	log10.penalty	1.425	log10.penalty	1.525	1	702
1.4375	1.4625	1.45 1.525	log10.penalty	1.45	log10.penalty	1.525	1	742
1.4625	1.4875	1.475 1.525	log10.penalty	1.475	log10.penalty	1.525	1	782
1.4875	1.5125	1.5 1.525	log10.penalty	1.5	log10.penalty	1.525	1	822
1.5125	1.5375	1	log10.penalty	1.525	log10.penalty	1.525	1	1
1.5375	1.5625	1.55 1.525	log10.penalty	1.55	log10.penalty	1.525	1	903
1.5625	1.5875	1.575 1.525	log10.penalty	1.575	log10.penalty	1.525	1	943
1.5875	1.6125	1.6 1.525	log10.penalty	1.6	log10.penalty	1.525	1	983
1.6125	1.6375	1.625 1.525	log10.penalty	1.625	log10.penalty	1.525	1	1023
1.6375	1.6625	1.65 1.525	log10.penalty	1.65	log10.penalty	1.525	1	1063
1.6625	1.6875	1.675 1.525	log10.penalty	1.675	log10.penalty	1.525	1	1103
1.6875	1.7125	1.7 1.525	log10.penalty	1.7	log10.penalty	1.525	1	1143
1.7125	1.7375	1.725 1.525	log10.penalty	1.725	log10.penalty	1.525	1	1183
1.7375	1.7625	1.75 1.525	log10.penalty	1.75	log10.penalty	1.525	1	1223
1.7625	1.7875	1.775 1.525	log10.penalty	1.775	log10.penalty	1.525	1	1263
1.7875	1.8125	1.8 1.525	log10.penalty	1.8	log10.penalty	1.525	1	1303
1.8125	1.8375	1.825 1.525	log10.penalty	1.825	log10.penalty	1.525	1	1343
1.8375	1.8625	1.85 1.525	log10.penalty	1.85	log10.penalty	1.525	1	1383
1.8625	1.8875	1.875 1.525	log10.penalty	1.875	log10.penalty	1.525	1	1423
1.8875	1.9125	1.9 1.525	log10.penalty	1.9	log10.penalty	1.525	1	1463
1.9125	1.9375	1.925 1.525	log10.penalty	1.925	log10.penalty	1.525	1	1503
1.9375	1.9625	1.95 1.525	log10.penalty	1.95	log10.penalty	1.525	1	1543
1.9625	1.9875	1.975 1.525	log10.penalty	1.975	log10.penalty	1.525	1	1583
1.9875	2.0125	2 1.525	log10.penalty	2	log10.penalty	1.525	1	1623
0.9875	1.0125	1 1.55	log10.penalty	1	log10.penalty	1.55	1	23
1.0125	1.0375	1.025 1.55	log10.penalty	1.025	log10.penalty	1.55	1	63
1.0375	1.0625	1.05 1.55	log10.penalty	1.05	log10.penalty	1.55	1	103
1.0625	1.0875	1.075 1.55	log10.penalty	1.075	log10.penalty	1.55	1	143
1.0875	1.1125	1.1 1.55	log10.penalty	1.1	log10.penalty	1.55	1	183
1.1125	1.1375	1.125 1.55	log10.penalty	1.125	log10.penalty	1.55	1	223
1.1375	1.1625	1.15 1.55	log10.penalty	1.15	log10.penalty	1.55	1	263
1.1625	1.1875	1.175 1.55	log10.penalty	1.175	log10.penalty	1.55	1	303
1.1875	1.2125	1.2 1.55	log10.penalty	1.2	log10.penalty	1.55	1	343
1.2125	1.2375	1.225 1.55	log10.penalty	1.225	log10.penalty	1.55	1	383
1.2375	1.2625	1.25 1.55	log10.penalty	1.25	log10.penalty	1.55	1	423
1.2625	1.2875	1.275 1.55	log10.penalty	1.275	log10.penalty	1.55	1	463
1.2875	1.3125	1.3 1.55	log10.penalty	1.3	log10.penalty	1.55	1	503
1.3125	1.3375	1.325 1.55	log10.penalty	1.325	log10.penalty	1.55	1	543
1.3375	1.3625	1.35 1.55	log10.penalty	1.35	log10.penalty	1.55	1	583
1.3625	1.3875	1.375 1.55	log10.penalty	1.375	log10.penalty	1.55	1	623
1.3875	1.4125	1.4 1.55	log10.penalty	1.4	log10.penalty	1.55	1	663
1.4125	1.4375	1.425 1.55	log10.penalty	1.425	log10.penalty	1.55	1	703
1.4375	1.4625	1.45 1.55	log10.penalty	1.45	log10.penalty	1.55	1	743
1.4625	1.4875	1.475 1.55	log10.penalty	1.475	log10.penalty	1.55	1	783
1.4875	1.5125	1.5 1.55	log10.penalty	1.5	log10.penalty	1.55	1	823
1.5125	1.5375	1.525 1.55	log10.penalty	1.525	log10.penalty	1.55	1	863
1.5375	1.5625	1	log10.penalty	1.55	log10.penalty	1.55	1	1
1.5625	1.5875	1.575 1.55	log10.penalty	1.575	log10.penalty	1.55	1	944
1.5875	1.6125	1.6 1.55	log10.penalty	1.6	log10.penalty	1.55	1	984
1.6125	1.6375	1.625 1.55	log10.penalty	1.625	log10.penalty	1.55	1	1024
1.6375	1.6625	1.65 1.55	log10.penalty	1.65	log10.penalty	1.55	1	1064
1.6625	1.6875	1.675 1.55	log10.penalty	1.675	log10.penalty	1.55	1	1104
1.6875	1.7125	1.7 1.55	log10.penalty	1.7	log10.penalty	1.55	1	1144
1.7125	1.7375	1.725 1.55	log10.penalty	1.725	log10.penalty	1.55	1	1184
1.7375	1.7625	1.75 1.55	log10.penalty	1.75	log10.penalty	1.55	1	1224
1.7625	1.7875	1.775 1.55	log10.penalty	1.775	log10.penalty	1.55	1	1264
1.7875	1.8125	1.8 1.55	log10.penalty	1.8	log10.penalty	1.55	1	1304
1.8125	1.8375	1.825 1.55	log10.penalty	1.825	log10.penalty	1.55	1	1344
1.8375	1.8625	1.85 1.55	log10.penalty	1.85	log10.penalty	1.55	1	1384
1.8625	1.8875	1.875 1.55	log10.penalty	1.875	log10.penalty	1.55	1	1424
1.8875	1.9125	1.9 1.55	log10.penalty	1.9	log10.penalty	1.55	1	1464
1.9125	1.9375	1.925 1.55	log10.penalty	1.925	log10.penalty	1.55	1	1504
1.9375	1.9625	1.95 1.55	log10.penalty	1.95	log10.penalty	1.55	1	1544
1.9625	1.9875	1.975 1.55	log10.penalty	1.975	log10.penalty	1.55	1	1584
1.9875	2.0125	2 1.55	log10.penalty	2	log10.penalty	1.55	1	1624
0.9875	1.0125	1 1.575	log10.penalty	1	log10.penalty	1.575	1	24
1.0125	1.0375	1.025 1.575	log10.penalty	1.025	log10.penalty	1.575	1	64
1.0375	1.0625	1.05 1.575	log10.penalty	1.05	log10.penalty	1.575	1	104
1.0625	1.0875	1.075 1.575	log10.penalty	1.075	log10.penalty	1.575	1	144
1.0875	1.1125	1.1 1.575	log10.penalty	1.1	log10.penalty	1.575	1	184
1.1125	1.1375	1.125 1.575	log10.penalty	1.125	log10.penalty	1.575	1	224
1.1375	1.1625	1.15 1.575	log10.penalty	1.15	log10.penalty	1.575	1	264
1.1625	1.1875	1.175 1.575	log10.penalty	1.175	log10.penalty	1.575	1	304
1.1875	1.2125	1.2 1.575	log10.penalty	1.2	log10.penalty	1.575	1	344
1.2125	1.2375	1.225 1.575	log10.penalty	1.225	log10.penalty	1.575	1	384
1.2375	1.2625	1.25 1.575	log10.penalty	1.25	log10.penalty	1.575	1	424
1.2625	1.2875	1.275 1.575	log10.penalty	1.275	log10.penalty	1.575	1	464
1.2875	1.3125	1.3 1.575	log10.penalty	1.3	log10.penalty	1.575	1	504
1.3125	1.3375	1.325 1.575	log10.penalty	1.325	log10.penalty	1.575	1	544
1.3375	1.3625	1.35 1.575	log10.penalty	1.35	log10.penalty	1.575	1	584
1.3625	1.3875	1.375 1.575	log10.penalty	1.375	log10.penalty	1.575	1	624
1.3875	1.4125	1.4 1.575	log10.penalty	1.4	log10.penalty	1.575	1	664
1.4125	1.4375	1.425 1.575	log10.penalty	1.425	log10.penalty	1.575	1	704
1.4375	1.4625	1.45 1.575	log10.penalty	1.45	log10.penalty	1.575	1	744
1.4625	1.4875	1.475 1.575	log10.penalty	1.475	log10.penalty	1.575	1	784
1.4875	1.5125	1.5 1.575	log10.penalty	1.5	log10.penalty	1.575	1	824
1.5125	1.5375	1.525 1.575	log10.penalty	1.525	log10.penalty	1.575	1	864
1.5375	1.5625	1.55 1.575	log10.penalty	1.55	log10.penalty	1.575	1	904
1.5625	1.5875	1	log10.penalty	1.575	log10.penalty	1.575	1	1
1.5875	1.6125	1.6 1.575	log10.penalty	1.6	log10.penalty	1.575	1	985
1.6125	1.6375	1.625 1.575	log10.penalty	1.625	log10.penalty	1.575	1	1025
1.6375	1.6625	1.65 1.575	log10.penalty	1.65	log10.penalty	1.575	1	1065
1.6625	1.6875	1.675 1.575	log10.penalty	1.675	log10.penalty	1.575	1	1105
1.6875	1.7125	1.7 1.575	log10.penalty	1.7	log10.penalty	1.575	1	1145
1.7125	1.7375	1.725 1.575	log10.penalty	1.725	log10.penalty	1.575	1	1185
1.7375	1.7625	1.75 1.575	log10.penalty	1.75	log10.penalty	1.575	1	1225
1.7625	1.7875	1.775 1.575	log10.penalty	1.775	log10.penalty	1.575	1	1265
1.7875	1.8125	1.8 1.575	log10.penalty	1.8	log10.penalty	1.575	1	1305
1.8125	1.8375	1.825 1.575	log10.penalty	1.825	log10.penalty	1.575	1	1345
1.8375	1.8625	1.85 1.575	log10.penalty	1.85	log10.penalty	1.575	1	1385
1.8625	1.8875	1.875 1.575	log10.penalty	1.875	log10.penalty	1.575	1	1425
1.8875	1.9125	1.9 1.575	log10.penalty	1.9	log10.penalty	1.575	1	1465
1.9125	1.9375	1.925 1.575	log10.penalty	1.925	log10.penalty	1.575	1	1505
1.9375	1.9625	1.95 1.575	log10.penalty	1.95	log10.penalty	1.575	1	1545
1.9625	1.9875	1.975 1.575	log10.penalty	1.975	log10.penalty	1.575	1	1585
1.9875	2.0125	2 1.575	log10.penalty	2	log10.penalty	1.575	1	1625
0.9875	1.0125	1 1.6	log10.penalty	1	log10.penalty	1.6	1	25
1.0125	1.0375	1.025 1.6	log10.penalty	1.025	log10.penalty	1.6	1	65
1.0375	1.0625	1.05 1.6	log10.penalty	1.05	log10.penalty	1.6	1	105
1.0625	1.0875	1.075 1.6	log10.penalty	1.075	log10.penalty	1.6	1	145
1.0875	1.1125	1.1 1.6	log10.penalty	1.1	log10.penalty	1.6	1	185
1.1125	1.1375	1.125 1.6	log10.penalty	1.125	log10.penalty	1.6	1	225
1.1375	1.1625	1.15 1.6	log10.penalty	1.15	log10.penalty	1.6	1	265
1.1625	1.1875	1.175 1.6	log10.penalty	1.175	log10.penalty	1.6	1	305
1.1875	1.2125	1.2 1.6	log10.penalty	1.2	log10.penalty	1.6	1	345
1.2125	1.2375	1.225 1.6	log10.penalty	1.225	log10.penalty	1.6	1	385
1.2375	1.2625	1.25 1.6	log10.penalty	1.25	log10.penalty	1.6	1	425
1.2625	1.2875	1.275 1.6	log10.penalty	1.275	log10.penalty	1.6	1	465
1.2875	1.3125	1.3 1.6	log10.penalty	1.3	log10.penalty	1.6	1	505
1.3125	1.3375	1.325 1.6	log10.penalty	1.325	log10.penalty	1.6	1	545
1.3375	1.3625	1.35 1.6	log10.penalty	1.35	log10.penalty	1.6	1	585
1.3625	1.3875	1.375 1.6	log10.penalty	1.375	log10.penalty	1.6	1	625
1.3875	1.4125	1.4 1.6	log10.penalty	1.4	log10.penalty	1.6	1	665
1.4125	1.4375	1.425 1.6	log10.penalty	1.425	log10.penalty	1.6	1	705
1.4375	1.4625	1.45 1.6	log10.penalty	1.45	log10.penalty	1.6	1	745
1.4625	1.4875	1.475 1.6	log10.penalty	1.475	log10.penalty	1.6	1	785
1.4875	1.5125	1.5 1.6	log10.penalty	1.5	log10.penalty	1.6	1	825
1.5125	1.5375	1.525 1.6	log10.penalty	1.525	log10.penalty	1.6	1	865
1.5375	1.5625	1.55 1.6	log10.penalty	1.55	log10.penalty	1.6	1	905
1.5625	1.5875	1.575 1.6	log10.penalty	1.575	log10.penalty	1.6	1	945
1.5875	1.6125	1	log10.penalty	1.6	log10.penalty	1.6	1	1
1.6125	1.6375	1.625 1.6	log10.penalty	1.625	log10.penalty	1.6	1	1026
1.6375	1.6625	1.65 1.6	log10.penalty	1.65	log10.penalty	1.6	1	1066
1.6625	1.6875	1.675 1.6	log10.penalty	1.675	log10.penalty	1.6	1	1106
1.6875	1.7125	1.7 1.6	log10.penalty	1.7	log10.penalty	1.6	1	1146
1.7125	1.7375	1.725 1.6	log10.penalty	1.725	log10.penalty	1.6	1	1186
1.7375	1.7625	1.75 1.6	log10.penalty	1.75	log10.penalty	1.6	1	1226
1.7625	1.7875	1.775 1.6	log10.penalty	1.775	log10.penalty	1.6	1	1266
1.7875	1.8125	1.8 1.6	log10.penalty	1.8	log10.penalty	1.6	1	1306
1.8125	1.8375	1.825 1.6	log10.penalty	1.825	log10.penalty	1.6	1	1346
1.8375	1.8625	1.85 1.6	log10.penalty	1.85	log10.penalty	1.6	1	1386
1.8625	1.8875	1.875 1.6	log10.penalty	1.875	log10.penalty	1.6	1	1426
1.8875	1.9125	1.9 1.6	log10.penalty	1.9	log10.penalty	1.6	1	1466
1.9125	1.9375	1.925 1.6	log10.penalty	1.925	log10.penalty	1.6	1	1506
1.9375	1.9625	1.95 1.6	log10.penalty	1.95	log10.penalty	1.6	1	1546
1.9625	1.9875	1.975 1.6	log10.penalty	1.975	log10.penalty	1.6	1	1586
1.9875	2.0125	2 1.6	log10.penalty	2	log10.penalty	1.6	1	1626
0.9875	1.0125	1 1.625	log10.penalty	1	log10.penalty	1.625	1	26
1.0125	1.0375	1.025 1.625	log10.penalty	1.025	log10.penalty	1.625	1	66
1.0375	1.0625	1.05 1.625	log10.penalty	1.05	log10.penalty	1.625	1	106
1.0625	1.0875	1.075 1.625	log10.penalty	1.075	log10.penalty	1.625	1	146
1.0875	1.1125	1.1 1.625	log10.penalty	1.1	log10.penalty	1.625	1	186
1.1125	1.1375	1.125 1.625	log10.penalty	1.125	log10.penalty	1.625	1	226
1.1375	1.1625	1.15 1.625	log10.penalty	1.15	log10.penalty	1.625	1	266
1.1625	1.1875	1.175 1.625	log10.penalty	1.175	log10.penalty	1.625	1	306
1.1875	1.2125	1.2 1.625	log10.penalty	1.2	log10.penalty	1.625	1	346
1.2125	1.2375	1.225 1.625	log10.penalty	1.225	log10.penalty	1.625	1	386
1.2375	1.2625	1.25 1.625	log10.penalty	1.25	log10.penalty	1.625	1	426
1.2625	1.2875	1.275 1.625	log10.penalty	1.275	log10.penalty	1.625	1	466
1.2875	1.3125	1.3 1.625	log10.penalty	1.3	log10.penalty	1.625	1	506
1.3125	1.3375	1.325 1.625	log10.penalty	1.325	log10.penalty	1.625	1	546
1.3375	1.3625	1.35 1.625	log10.penalty	1.35	log10.penalty	1.625	1	586
1.3625	1.3875	1.375 1.625	log10.penalty	1.375	log10.penalty	1.625	1	626
1.3875	1.4125	1.4 1.625	log10.penalty	1.4	log10.penalty	1.625	1	666
1.4125	1.4375	1.425 1.625	log10.penalty	1.425	log10.penalty	1.625	1	706
1.4375	1.4625	1.45 1.625	log10.penalty	1.45	log10.penalty	1.625	1	746
1.4625	1.4875	1.475 1.625	log10.penalty	1.475	log10.penalty	1.625	1	786
1.4875	1.5125	1.5 1.625	log10.penalty	1.5	log10.penalty	1.625	1	826
1.5125	1.5375	1.525 1.625	log10.penalty	1.525	log10.penalty	1.625	1	866
1.5375	1.5625	1.55 1.625	log10.penalty	1.55	log10.penalty	1.625	1	906
1.5625	1.5875	1.575 1.625	log10.penalty	1.575	log10.penalty	1.625	1	946
1.5875	1.6125	1.6 1.625	log10.penalty	1.6	log10.penalty	1.625	1	986
1.6125	1.6375	1	log10.penalty	1.625	log10.penalty	1.625	1	1
1.6375	1.6625	1.65 1.625	log10.penalty	1.65	log10.penalty	1.625	1	1067
1.6625	1.6875	1.675 1.625	log10.penalty	1.675	log10.penalty	1.625	1	1107
1.6875	1.7125	1.7 1.625	log10.penalty	1.7	log10.penalty	1.625	1	1147
1.7125	1.7375	1.725 1.625	log10.penalty	1.725	log10.penalty	1.625	1	1187
1.7375	1.7625	1.75 1.625	log10.penalty	1.75	log10.penalty	1.625	1	1227
1.7625	1.7875	1.775 1.625	log10.penalty	1.775	log10.penalty	1.625	1	1267
1.7875	1.8125	1.8 1.625	log10.penalty	1.8	log10.penalty	1.625	1	1307
1.8125	1.8375	1.825 1.625	log10.penalty	1.825	log10.penalty	1.625	1	1347
1.8375	1.8625	1.85 1.625	log10.penalty	1.85	log10.penalty	1.625	1	1387
1.8625	1.8875	1.875 1.625	log10.penalty	1.875	log10.penalty	1.625	1	1427
1.8875	1.9125	1.9 1.625	log10.penalty	1.9	log10.penalty	1.625	1	1467
1.9125	1.9375	1.925 1.625	log10.penalty	1.925	log10.penalty	1.625	1	1507
1.9375	1.9625	1.95 1.625	log10.penalty	1.95	log10.penalty	1.625	1	1547
1.9625	1.9875	1.975 1.625	log10.penalty	1.975	log10.penalty	1.625	1	1587
1.9875	2.0125	2 1.625	log10.penalty	2	log10.penalty	1.625	1	1627
0.9875	1.0125	1 1.65	log10.penalty	1	log10.penalty	1.65	1	27
1.0125	1.0375	1.025 1.65	log10.penalty	1.025	log10.penalty	1.65	1	67
1.0375	1.0625	1.05 1.65	log10.penalty	1.05	log10.penalty	1.65	1	107
1.0625	1.0875	1.075 1.65	log10.penalty	1.075	log10.penalty	1.65	1	147
1.0875	1.1125	1.1 1.65	log10.penalty	1.1	log10.penalty	1.65	1	187
1.1125	1.1375	1.125 1.65	log10.penalty	1.125	log10.penalty	1.65	1	227
1.1375	1.1625	1.15 1.65	log10.penalty	1.15	log10.penalty	1.65	1	267
1.1625	1.1875	1.175 1.65	log10.penalty	1.175	log10.penalty	1.65	1	307
1.1875	1.2125	1.2 1.65	log10.penalty	1.2	log10.penalty	1.65	1	347
1.2125	1.2375	1.225 1.65	log10.penalty	1.225	log10.penalty	1.65	1	387
1.2375	1.2625	1.25 1.65	log10.penalty	1.25	log10.penalty	1.65	1	427
1.2625	1.2875	1.275 1.65	log10.penalty	1.275	log10.penalty	1.65	1	467
1.2875	1.3125	1.3 1.65	log10.penalty	1.3	log10.penalty	1.65	1	507
1.3125	1.3375	1.325 1.65	log10.penalty	1.325	log10.penalty	1.65	1	547
1.3375	1.3625	1.35 1.65	log10.penalty	1.35	log10.penalty	1.65	1	587
1.3625	1.3875	1.375 1.65	log10.penalty	1.375	log10.penalty	1.65	1	627
1.3875	1.4125	1.4 1.65	log10.penalty	1.4	log10.penalty	1.65	1	667
1.4125	1.4375	1.425 1.65	log10.penalty	1.425	log10.penalty	1.65	1	707
1.4375	1.4625	1.45 1.65	log10.penalty	1.45	log10.penalty	1.65	1	747
1.4625	1.4875	1.475 1.65	log10.penalty	1.475	log10.penalty	1.65	1	787
1.4875	1.5125	1.5 1.65	log10.penalty	1.5	log10.penalty	1.65	1	827
1.5125	1.5375	1.525 1.65	log10.penalty	1.525	log10.penalty	1.65	1	867
1.5375	1.5625	1.55 1.65	log10.penalty	1.55	log10.penalty	1.65	1	907
1.5625	1.5875	1.575 1.65	log10.penalty	1.575	log10.penalty	1.65	1	947
1.5875	1.6125	1.6 1.65	log10.penalty	1.6	log10.penalty	1.65	1	987
1.6125	1.6375	1.625 1.65	log10.penalty	1.625	log10.penalty	1.65	1	1027
1.6375	1.6625	1	log10.penalty	1.65	log10.penalty	1.65	1	1
1.6625	1.6875	1.675 1.65	log10.penalty	1.675	log10.penalty	1.65	1	1108
1.6875	1.7125	1.7 1.65	log10.penalty	1.7	log10.penalty	1.65	1	1148
1.7125	1.7375	1.725 1.65	log10.penalty	1.725	log10.penalty	1.65	1	1188
1.7375	1.7625	1.75 1.65	log10.penalty	1.75	log10.penalty	1.65	1	1228
1.7625	1.7875	1.775 1.65	log10.penalty	1.775	log10.penalty	1.65	1	1268
1.7875	1.8125	1.8 1.65	log10.penalty	1.8	log10.penalty	1.65	1	1308
1.8125	1.8375	1.825 1.65	log10.penalty	1.825	log10.penalty	1.65	1	1348
1.8375	1.8625	1.85 1.65	log10.penalty	1.85	log10.penalty	1.65	1	1388
1.8625	1.8875	1.875 1.65	log10.penalty	1.875	log10.penalty	1.65	1	1428
1.8875	1.9125	1.9 1.65	log10.penalty	1.9	log10.penalty	1.65	1	1468
1.9125	1.9375	1.925 1.65	log10.penalty	1.925	log10.penalty	1.65	1	1508
1.9375	1.9625	1.95 1.65	log10.penalty	1.95	log10.penalty	1.65	1	1548
1.9625	1.9875	1.975 1.65	log10.penalty	1.975	log10.penalty	1.65	1	1588
1.9875	2.0125	2 1.65	log10.penalty	2	log10.penalty	1.65	1	1628
0.9875	1.0125	1 1.675	log10.penalty	1	log10.penalty	1.675	1	28
1.0125	1.0375	1.025 1.675	log10.penalty	1.025	log10.penalty	1.675	1	68
1.0375	1.0625	1.05 1.675	log10.penalty	1.05	log10.penalty	1.675	1	108
1.0625	1.0875	1.075 1.675	log10.penalty	1.075	log10.penalty	1.675	1	148
1.0875	1.1125	1.1 1.675	log10.penalty	1.1	log10.penalty	1.675	1	188
1.1125	1.1375	1.125 1.675	log10.penalty	1.125	log10.penalty	1.675	1	228
1.1375	1.1625	1.15 1.675	log10.penalty	1.15	log10.penalty	1.675	1	268
1.1625	1.1875	1.175 1.675	log10.penalty	1.175	log10.penalty	1.675	1	308
1.1875	1.2125	1.2 1.675	log10.penalty	1.2	log10.penalty	1.675	1	348
1.2125	1.2375	1.225 1.675	log10.penalty	1.225	log10.penalty	1.675	1	388
1.2375	1.2625	1.25 1.675	log10.penalty	1.25	log10.penalty	1.675	1	428
1.2625	1.2875	1.275 1.675	log10.penalty	1.275	log10.penalty	1.675	1	468
1.2875	1.3125	1.3 1.675	log10.penalty	1.3	log10.penalty	1.675	1	508
1.3125	1.3375	1.325 1.675	log10.penalty	1.325	log10.penalty	1.675	1	548
1.3375	1.3625	1.35 1.675	log10.penalty	1.35	log10.penalty	1.675	1	588
1.3625	1.3875	1.375 1.675	log10.penalty	1.375	log10.penalty	1.675	1	628
1.3875	1.4125	1.4 1.675	log10.penalty	1.4	log10.penalty	1.675	1	668
1.4125	1.4375	1.425 1.675	log10.penalty	1.425	log10.penalty	1.675	1	708
1.4375	1.4625	1.45 1.675	log10.penalty	1.45	log10.penalty	1.675	1	748
1.4625	1.4875	1.475 1.675	log10.penalty	1.475	log10.penalty	1.675	1	788
1.4875	1.5125	1.5 1.675	log10.penalty	1.5	log10.penalty	1.675	1	828
1.5125	1.5375	1.525 1.675	log10.penalty	1.525	log10.penalty	1.675	1	868
1.5375	1.5625	1.55 1.675	log10.penalty	1.55	log10.penalty	1.675	1	908
1.5625	1.5875	1.575 1.675	log10.penalty	1.575	log10.penalty	1.675	1	948
1.5875	1.6125	1.6 1.675	log10.penalty	1.6	log10.penalty	1.675	1	988
1.6125	1.6375	1.625 1.675	log10.penalty	1.625	log10.penalty	1.675	1	1028
1.6375	1.6625	1.65 1.675	log10.penalty	1.65	log10.penalty	1.675	1	1068
1.6625	1.6875	1	log10.penalty	1.675	log10.penalty	1.675	1	1
1.6875	1.7125	1.7 1.675	log10.penalty	1.7	log10.penalty	1.675	1	1149
1.7125	1.7375	1.725 1.675	log10.penalty	1.725	log10.penalty	1.675	1	1189
1.7375	1.7625	1.75 1.675	log10.penalty	1.75	log10.penalty	1.675	1	1229
1.7625	1.7875	1.775 1.675	log10.penalty	1.775	log10.penalty	1.675	1	1269
1.7875	1.8125	1.8 1.675	log10.penalty	1.8	log10.penalty	1.675	1	1309
1.8125	1.8375	1.825 1.675	log10.penalty	1.825	log10.penalty	1.675	1	1349
1.8375	1.8625	1.85 1.675	log10.penalty	1.85	log10.penalty	1.675	1	1389
1.8625	1.8875	1.875 1.675	log10.penalty	1.875	log10.penalty	1.675	1	1429
1.8875	1.9125	1.9 1.675	log10.penalty	1.9	log10.penalty	1.675	1	1469
1.9125	1.9375	1.925 1.675	log10.penalty	1.925	log10.penalty	1.675	1	1509
1.9375	1.9625	1.95 1.675	log10.penalty	1.95	log10.penalty	1.675	1	1549
1.9625	1.9875	1.975 1.675	log10.penalty	1.975	log10.penalty	1.675	1	1589
1.9875	2.0125	2 1.675	log10.penalty	2	log10.penalty	1.675	1	1629
0.9875	1.0125	1 1.7	log10.penalty	1	log10.penalty	1.7	1	29
1.0125	1.0375	1.025 1.7	log10.penalty	1.025	log10.penalty	1.7	1	69
1.0375	1.0625	1.05 1.7	log10.penalty	1.05	log10.penalty	1.7	1	109
1.0625	1.0875	1.075 1.7	log10.penalty	1.075	log10.penalty	1.7	1	149
1.0875	1.1125	1.1 1.7	log10.penalty	1.1	log10.penalty	1.7	1	189
1.1125	1.1375	1.125 1.7	log10.penalty	1.125	log10.penalty	1.7	1	229
1.1375	1.1625	1.15 1.7	log10.penalty	1.15	log10.penalty	1.7	1	269
1.1625	1.1875	1.175 1.7	log10.penalty	1.175	log10.penalty	1.7	1	309
1.1875	1.2125	1.2 1.7	log10.penalty	1.2	log10.penalty	1.7	1	349
1.2125	1.2375	1.225 1.7	log10.penalty	1.225	log10.penalty	1.7	1	389
1.2375	1.2625	1.25 1.7	log10.penalty	1.25	log10.penalty	1.7	1	429
1.2625	1.2875	1.275 1.7	log10.penalty	1.275	log10.penalty	1.7	1	469
1.2875	1.3125	1.3 1.7	log10.penalty	1.3	log10.penalty	1.7	1	509
1.3125	1.3375	1.325 1.7	log10.penalty	1.325	log10.penalty	1.7	1	549
1.3375	1.3625	1.35 1.7	log10.penalty	1.35	log10.penalty	1.7	1	589
1.3625	1.3875	1.375 1.7	log10.penalty	1.375	log10.penalty	1.7	1	629
1.3875	1.4125	1.4 1.7	log10.penalty	1.4	log10.penalty	1.7	1	669
1.4125	1.4375	1.425 1.7	log10.penalty	1.425	log10.penalty	1.7	1	709
1.4375	1.4625	1.45 1.7	log10.penalty	1.45	log10.penalty	1.7	1	749
1.4625	1.4875	1.475 1.7	log10.penalty	1.475	log10.penalty	1.7	1	789
1.4875	1.5125	1.5 1.7	log10.penalty	1.5	log10.penalty	1.7	1	829
1.5125	1.5375	1.525 1.7	log10.penalty	1.525	log10.penalty	1.7	1	869
1.5375	1.5625	1.55 1.7	log10.penalty	1.55	log10.penalty	1.7	1	909
1.5625	1.5875	1.575 1.7	log10.penalty	1.575	log10.penalty	1.7	1	949
1.5875	1.6125	1.6 1.7	log10.penalty	1.6	log10.penalty	1.7	1	989
1.6125	1.6375	1.625 1.7	log10.penalty	1.625	log10.penalty	1.7	1	1029
1.6375	1.6625	1.65 1.7	log10.penalty	1.65	log10.penalty	1.7	1	1069
1.6625	1.6875	1.675 1.7	log10.penalty	1.675	log10.penalty	1.7	1	1109
1.6875	1.7125	1	log10.penalty	1.7	log10.penalty	1.7	1	1
1.7125	1.7375	1.725 1.7	log10.penalty	1.725	log10.penalty	1.7	1	1190
1.7375	1.7625	1.75 1.7	log10.penalty	1.75	log10.penalty	1.7	1	1230
1.7625	1.7875	1.775 1.7	log10.penalty	1.775	log10.penalty	1.7	1	1270
1.7875	1.8125	1.8 1.7	log10.penalty	1.8	log10.penalty	1.7	1	1310
1.8125	1.8375	1.825 1.7	log10.penalty	1.825	log10.penalty	1.7	1	1350
1.8375	1.8625	1.85 1.7	log10.penalty	1.85	log10.penalty	1.7	1	1390
1.8625	1.8875	1.875 1.7	log10.penalty	1.875	log10.penalty	1.7	1	1430
1.8875	1.9125	1.9 1.7	log10.penalty	1.9	log10.penalty	1.7	1	1470
1.9125	1.9375	1.925 1.7	log10.penalty	1.925	log10.penalty	1.7	1	1510
1.9375	1.9625	1.95 1.7	log10.penalty	1.95	log10.penalty	1.7	1	1550
1.9625	1.9875	1.975 1.7	log10.penalty	1.975	log10.penalty	1.7	1	1590
1.9875	2.0125	2 1.7	log10.penalty	2	log10.penalty	1.7	1	1630
0.9875	1.0125	1 1.725	log10.penalty	1	log10.penalty	1.725	1	30
1.0125	1.0375	1.025 1.725	log10.penalty	1.025	log10.penalty	1.725	1	70
1.0375	1.0625	1.05 1.725	log10.penalty	1.05	log10.penalty	1.725	1	110
1.0625	1.0875	1.075 1.725	log10.penalty	1.075	log10.penalty	1.725	1	150
1.0875	1.1125	1.1 1.725	log10.penalty	1.1	log10.penalty	1.725	1	190
1.1125	1.1375	1.125 1.725	log10.penalty	1.125	log10.penalty	1.725	1	230
1.1375	1.1625	1.15 1.725	log10.penalty	1.15	log10.penalty	1.725	1	270
1.1625	1.1875	1.175 1.725	log10.penalty	1.175	log10.penalty	1.725	1	310
1.1875	1.2125	1.2 1.725	log10.penalty	1.2	log10.penalty	1.725	1	350
1.2125	1.2375	1.225 1.725	log10.penalty	1.225	log10.penalty	1.725	1	390
1.2375	1.2625	1.25 1.725	log10.penalty	1.25	log10.penalty	1.725	1	430
1.2625	1.2875	1.275 1.725	log10.penalty	1.275	log10.penalty	1.725	1	470
1.2875	1.3125	1.3 1.725	log10.penalty	1.3	log10.penalty	1.725	1	510
1.3125	1.3375	1.325 1.725	log10.penalty	1.325	log10.penalty	1.725	1	550
1.3375	1.3625	1.35 1.725	log10.penalty	1.35	log10.penalty	1.725	1	590
1.3625	1.3875	1.375 1.725	log10.penalty	1.375	log10.penalty	1.725	1	630
1.3875	1.4125	1.4 1.725	log10.penalty	1.4	log10.penalty	1.725	1	670
1.4125	1.4375	1.425 1.725	log10.penalty	1.425	log10.penalty	1.725	1	710
1.4375	1.4625	1.45 1.725	log10.penalty	1.45	log10.penalty	1.725	1	750
1.4625	1.4875	1.475 1.725	log10.penalty	1.475	log10.penalty	1.725	1	790
1.4875	1.5125	1.5 1.725	log10.penalty	1.5	log10.penalty	1.725	1	830
1.5125	1.5375	1.525 1.725	log10.penalty	1.525	log10.penalty	1.725	1	870
1.5375	1.5625	1.55 1.725	log10.penalty	1.55	log10.penalty	1.725	1	910
1.5625	1.5875	1.575 1.725	log10.penalty	1.575	log10.penalty	1.725	1	950
1.5875	1.6125	1.6 1.725	log10.penalty	1.6	log10.penalty	1.725	1	990
1.6125	1.6375	1.625 1.725	log10.penalty	1.625	log10.penalty	1.725	1	1030
1.6375	1.6625	1.65 1.725	log10.penalty	1.65	log10.penalty	1.725	1	1070
1.6625	1.6875	1.675 1.725	log10.penalty	1.675	log10.penalty	1.725	1	1110
1.6875	1.7125	1.7 1.725	log10.penalty	1.7	log10.penalty	1.725	1	1150
1.7125	1.7375	1	log10.penalty	1.725	log10.penalty	1.725	1	1
1.7375	1.7625	1.75 1.725	log10.penalty	1.75	log10.penalty	1.725	1	1231
1.7625	1.7875	1.775 1.725	log10.penalty	1.775	log10.penalty	1.725	1	1271
1.7875	1.8125	1.8 1.725	log10.penalty	1.8	log10.penalty	1.725	1	1311
1.8125	1.8375	1.825 1.725	log10.penalty	1.825	log10.penalty	1.725	1	1351
1.8375	1.8625	1.85 1.725	log10.penalty	1.85	log10.penalty	1.725	1	1391
1.8625	1.8875	1.875 1.725	log10.penalty	1.875	log10.penalty	1.725	1	1431
1.8875	1.9125	1.9 1.725	log10.penalty	1.9	log10.penalty	1.725	1	1471
1.9125	1.9375	1.925 1.725	log10.penalty	1.925	log10.penalty	1.725	1	1511
1.9375	1.9625	1.95 1.725	log10.penalty	1.95	log10.penalty	1.725	1	1551
1.9625	1.9875	1.975 1.725	log10.penalty	1.975	log10.penalty	1.725	1	1591
1.9875	2.0125	2 1.725	log10.penalty	2	log10.penalty	1.725	1	1631
0.9875	1.0125	1 1.75	log10.penalty	1	log10.penalty	1.75	1	31
1.0125	1.0375	1.025 1.75	log10.penalty	1.025	log10.penalty	1.75	1	71
1.0375	1.0625	1.05 1.75	log10.penalty	1.05	log10.penalty	1.75	1	111
1.0625	1.0875	1.075 1.75	log10.penalty	1.075	log10.penalty	1.75	1	151
1.0875	1.1125	1.1 1.75	log10.penalty	1.1	log10.penalty	1.75	1	191
1.1125	1.1375	1.125 1.75	log10.penalty	1.125	log10.penalty	1.75	1	231
1.1375	1.1625	1.15 1.75	log10.penalty	1.15	log10.penalty	1.75	1	271
1.1625	1.1875	1.175 1.75	log10.penalty	1.175	log10.penalty	1.75	1	311
1.1875	1.2125	1.2 1.75	log10.penalty	1.2	log10.penalty	1.75	1	351
1.2125	1.2375	1.225 1.75	log10.penalty	1.225	log10.penalty	1.75	1	391
1.2375	1.2625	1.25 1.75	log10.penalty	1.25	log10.penalty	1.75	1	431
1.2625	1.2875	1.275 1.75	log10.penalty	1.275	log10.penalty	1.75	1	471
1.2875	1.3125	1.3 1.75	log10.penalty	1.3	log10.penalty	1.75	1	511
1.3125	1.3375	1.325 1.75	log10.penalty	1.325	log10.penalty	1.75	1	551
1.3375	1.3625	1.35 1.75	log10.penalty	1.35	log10.penalty	1.75	1	591
1.3625	1.3875	1.375 1.75	log10.penalty	1.375	log10.penalty	1.75	1	631
1.3875	1.4125	1.4 1.75	log10.penalty	1.4	log10.penalty	1.75	1	671
1.4125	1.4375	1.425 1.75	log10.penalty	1.425	log10.penalty	1.75	1	711
1.4375	1.4625	1.45 1.75	log10.penalty	1.45	log10.penalty	1.75	1	751
1.4625	1.4875	1.475 1.75	log10.penalty	1.475	log10.penalty	1.75	1	791
1.4875	1.5125	1.5 1.75	log10.penalty	1.5	log10.penalty	1.75	1	831
1.5125	1.5375	1.525 1.75	log10.penalty	1.525	log10.penalty	1.75	1	871
1.5375	1.5625	1.55 1.75	log10.penalty	1.55	log10.penalty	1.75	1	911
1.5625	1.5875	1.575 1.75	log10.penalty	1.575	log10.penalty	1.75	1	951
1.5875	1.6125	1.6 1.75	log10.penalty	1.6	log10.penalty	1.75	1	991
1.6125	1.6375	1.625 1.75	log10.penalty	1.625	log10.penalty	1.75	1	1031
1.6375	1.6625	1.65 1.75	log10.penalty	1.65	log10.penalty	1.75	1	1071
1.6625	1.6875	1.675 1.75	log10.penalty	1.675	log10.penalty	1.75	1	1111
1.6875	1.7125	1.7 1.75	log10.penalty	1.7	log10.penalty	1.75	1	1151
1.7125	1.7375	1.725 1.75	log10.penalty	1.725	log10.penalty	1.75	1	1191
1.7375	1.7625	1	log10.penalty	1.75	log10.penalty	1.75	1	1
1.7625	1.7875	1.775 1.75	log10.penalty	1.775	log10.penalty	1.75	1	1272
1.7875	1.8125	1.8 1.75	log10.penalty	1.8	log10.penalty	1.75	1	1312
1.8125	1.8375	1.825 1.75	log10.penalty	1.825	log10.penalty	1.75	1	1352
1.8375	1.8625	1.85 1.75	log10.penalty	1.85	log10.penalty	1.75	1	1392
1.8625	1.8875	1.875 1.75	log10.penalty	1.875	log10.penalty	1.75	1	1432
1.8875	1.9125	1.9 1.75	log10.penalty	1.9	log10.penalty	1.75	1	1472
1.9125	1.9375	1.925 1.75	log10.penalty	1.925	log10.penalty	1.75	1	1512
1.9375	1.9625	1.95 1.75	log10.penalty	1.95	log10.penalty	1.75	1	1552
1.9625	1.9875	1.975 1.75	log10.penalty	1.975	log10.penalty	1.75	1	1592
1.9875	2.0125	2 1.75	log10.penalty	2	log10.penalty	1.75	1	1632
0.9875	1.0125	1 1.775	log10.penalty	1	log10.penalty	1.775	1	32
1.0125	1.0375	1.025 1.775	log10.penalty	1.025	log10.penalty	1.775	1	72
1.0375	1.0625	1.05 1.775	log10.penalty	1.05	log10.penalty	1.775	1	112
1.0625	1.0875	1.075 1.775	log10.penalty	1.075	log10.penalty	1.775	1	152
1.0875	1.1125	1.1 1.775	log10.penalty	1.1	log10.penalty	1.775	1	192
1.1125	1.1375	1.125 1.775	log10.penalty	1.125	log10.penalty	1.775	1	232
1.1375	1.1625	1.15 1.775	log10.penalty	1.15	log10.penalty	1.775	1	272
1.1625	1.1875	1.175 1.775	log10.penalty	1.175	log10.penalty	1.775	1	312
1.1875	1.2125	1.2 1.775	log10.penalty	1.2	log10.penalty	1.775	1	352
1.2125	1.2375	1.225 1.775	log10.penalty	1.225	log10.penalty	1.775	1	392
1.2375	1.2625	1.25 1.775	log10.penalty	1.25	log10.penalty	1.775	1	432
1.2625	1.2875	1.275 1.775	log10.penalty	1.275	log10.penalty	1.775	1	472
1.2875	1.3125	1.3 1.775	log10.penalty	1.3	log10.penalty	1.775	1	512
1.3125	1.3375	1.325 1.775	log10.penalty	1.325	log10.penalty	1.775	1	552
1.3375	1.3625	1.35 1.775	log10.penalty	1.35	log10.penalty	1.775	1	592
1.3625	1.3875	1.375 1.775	log10.penalty	1.375	log10.penalty	1.775	1	632
1.3875	1.4125	1.4 1.775	log10.penalty	1.4	log10.penalty	1.775	1	672
1.4125	1.4375	1.425 1.775	log10.penalty	1.425	log10.penalty	1.775	1	712
1.4375	1.4625	1.45 1.775	log10.penalty	1.45	log10.penalty	1.775	1	752
1.4625	1.4875	1.475 1.775	log10.penalty	1.475	log10.penalty	1.775	1	792
1.4875	1.5125	1.5 1.775	log10.penalty	1.5	log10.penalty	1.775	1	832
1.5125	1.5375	1.525 1.775	log10.penalty	1.525	log10.penalty	1.775	1	872
1.5375	1.5625	1.55 1.775	log10.penalty	1.55	log10.penalty	1.775	1	912
1.5625	1.5875	1.575 1.775	log10.penalty	1.575	log10.penalty	1.775	1	952
1.5875	1.6125	1.6 1.775	log10.penalty	1.6	log10.penalty	1.775	1	992
1.6125	1.6375	1.625 1.775	log10.penalty	1.625	log10.penalty	1.775	1	1032
1.6375	1.6625	1.65 1.775	log10.penalty	1.65	log10.penalty	1.775	1	1072
1.6625	1.6875	1.675 1.775	log10.penalty	1.675	log10.penalty	1.775	1	1112
1.6875	1.7125	1.7 1.775	log10.penalty	1.7	log10.penalty	1.775	1	1152
1.7125	1.7375	1.725 1.775	log10.penalty	1.725	log10.penalty	1.775	1	1192
1.7375	1.7625	1.75 1.775	log10.penalty	1.75	log10.penalty	1.775	1	1232
1.7625	1.7875	1	log10.penalty	1.775	log10.penalty	1.775	1	1
1.7875	1.8125	1.8 1.775	log10.penalty	1.8	log10.penalty	1.775	1	1313
1.8125	1.8375	1.825 1.775	log10.penalty	1.825	log10.penalty	1.775	1	1353
1.8375	1.8625	1.85 1.775	log10.penalty	1.85	log10.penalty	1.775	1	1393
1.8625	1.8875	1.875 1.775	log10.penalty	1.875	log10.penalty	1.775	1	1433
1.8875	1.9125	1.9 1.775	log10.penalty	1.9	log10.penalty	1.775	1	1473
1.9125	1.9375	1.925 1.775	log10.penalty	1.925	log10.penalty	1.775	1	1513
1.9375	1.9625	1.95 1.775	log10.penalty	1.95	log10.penalty	1.775	1	1553
1.9625	1.9875	1.975 1.775	log10.penalty	1.975	log10.penalty	1.775	1	1593
1.9875	2.0125	2 1.775	log10.penalty	2	log10.penalty	1.775	1	1633
0.9875	1.0125	1 1.8	log10.penalty	1	log10.penalty	1.8	1	33
1.0125	1.0375	1.025 1.8	log10.penalty	1.025	log10.penalty	1.8	1	73
1.0375	1.0625	1.05 1.8	log10.penalty	1.05	log10.penalty	1.8	1	113
1.0625	1.0875	1.075 1.8	log10.penalty	1.075	log10.penalty	1.8	1	153
1.0875	1.1125	1.1 1.8	log10.penalty	1.1	log10.penalty	1.8	1	193
1.1125	1.1375	1.125 1.8	log10.penalty	1.125	log10.penalty	1.8	1	233
1.1375	1.1625	1.15 1.8	log10.penalty	1.15	log10.penalty	1.8	1	273
1.1625	1.1875	1.175 1.8	log10.penalty	1.175	log10.penalty	1.8	1	313
1.1875	1.2125	1.2 1.8	log10.penalty	1.2	log10.penalty	1.8	1	353
1.2125	1.2375	1.225 1.8	log10.penalty	1.225	log10.penalty	1.8	1	393
1.2375	1.2625	1.25 1.8	log10.penalty	1.25	log10.penalty	1.8	1	433
1.2625	1.2875	1.275 1.8	log10.penalty	1.275	log10.penalty	1.8	1	473
1.2875	1.3125	1.3 1.8	log10.penalty	1.3	log10.penalty	1.8	1	513
1.3125	1.3375	1.325 1.8	log10.penalty	1.325	log10.penalty	1.8	1	553
1.3375	1.3625	1.35 1.8	log10.penalty	1.35	log10.penalty	1.8	1	593
1.3625	1.3875	1.375 1.8	log10.penalty	1.375	log10.penalty	1.8	1	633
1.3875	1.4125	1.4 1.8	log10.penalty	1.4	log10.penalty	1.8	1	673
1.4125	1.4375	1.425 1.8	log10.penalty	1.425	log10.penalty	1.8	1	713
1.4375	1.4625	1.45 1.8	log10.penalty	1.45	log10.penalty	1.8	1	753
1.4625	1.4875	1.475 1.8	log10.penalty	1.475	log10.penalty	1.8	1	793
1.4875	1.5125	1.5 1.8	log10.penalty	1.5	log10.penalty	1.8	1	833
1.5125	1.5375	1.525 1.8	log10.penalty	1.525	log10.penalty	1.8	1	873
1.5375	1.5625	1.55 1.8	log10.penalty	1.55	log10.penalty	1.8	1	913
1.5625	1.5875	1.575 1.8	log10.penalty	1.575	log10.penalty	1.8	1	953
1.5875	1.6125	1.6 1.8	log10.penalty	1.6	log10.penalty	1.8	1	993
1.6125	1.6375	1.625 1.8	log10.penalty	1.625	log10.penalty	1.8	1	1033
1.6375	1.6625	1.65 1.8	log10.penalty	1.65	log10.penalty	1.8	1	1073
1.6625	1.6875	1.675 1.8	log10.penalty	1.675	log10.penalty	1.8	1	1113
1.6875	1.7125	1.7 1.8	log10.penalty	1.7	log10.penalty	1.8	1	1153
1.7125	1.7375	1.725 1.8	log10.penalty	1.725	log10.penalty	1.8	1	1193
1.7375	1.7625	1.75 1.8	log10.penalty	1.75	log10.penalty	1.8	1	1233
1.7625	1.7875	1.775 1.8	log10.penalty	1.775	log10.penalty	1.8	1	1273
1.7875	1.8125	1	log10.penalty	1.8	log10.penalty	1.8	1	1
1.8125	1.8375	1.825 1.8	log10.penalty	1.825	log10.penalty	1.8	1	1354
1.8375	1.8625	1.85 1.8	log10.penalty	1.85	log10.penalty	1.8	1	1394
1.8625	1.8875	1.875 1.8	log10.penalty	1.875	log10.penalty	1.8	1	1434
1.8875	1.9125	1.9 1.8	log10.penalty	1.9	log10.penalty	1.8	1	1474
1.9125	1.9375	1.925 1.8	log10.penalty	1.925	log10.penalty	1.8	1	1514
1.9375	1.9625	1.95 1.8	log10.penalty	1.95	log10.penalty	1.8	1	1554
1.9625	1.9875	1.975 1.8	log10.penalty	1.975	log10.penalty	1.8	1	1594
1.9875	2.0125	2 1.8	log10.penalty	2	log10.penalty	1.8	1	1634
0.9875	1.0125	1 1.825	log10.penalty	1	log10.penalty	1.825	1	34
1.0125	1.0375	1.025 1.825	log10.penalty	1.025	log10.penalty	1.825	1	74
1.0375	1.0625	1.05 1.825	log10.penalty	1.05	log10.penalty	1.825	1	114
1.0625	1.0875	1.075 1.825	log10.penalty	1.075	log10.penalty	1.825	1	154
1.0875	1.1125	1.1 1.825	log10.penalty	1.1	log10.penalty	1.825	1	194
1.1125	1.1375	1.125 1.825	log10.penalty	1.125	log10.penalty	1.825	1	234
1.1375	1.1625	1.15 1.825	log10.penalty	1.15	log10.penalty	1.825	1	274
1.1625	1.1875	1.175 1.825	log10.penalty	1.175	log10.penalty	1.825	1	314
1.1875	1.2125	1.2 1.825	log10.penalty	1.2	log10.penalty	1.825	1	354
1.2125	1.2375	1.225 1.825	log10.penalty	1.225	log10.penalty	1.825	1	394
1.2375	1.2625	1.25 1.825	log10.penalty	1.25	log10.penalty	1.825	1	434
1.2625	1.2875	1.275 1.825	log10.penalty	1.275	log10.penalty	1.825	1	474
1.2875	1.3125	1.3 1.825	log10.penalty	1.3	log10.penalty	1.825	1	514
1.3125	1.3375	1.325 1.825	log10.penalty	1.325	log10.penalty	1.825	1	554
1.3375	1.3625	1.35 1.825	log10.penalty	1.35	log10.penalty	1.825	1	594
1.3625	1.3875	1.375 1.825	log10.penalty	1.375	log10.penalty	1.825	1	634
1.3875	1.4125	1.4 1.825	log10.penalty	1.4	log10.penalty	1.825	1	674
1.4125	1.4375	1.425 1.825	log10.penalty	1.425	log10.penalty	1.825	1	714
1.4375	1.4625	1.45 1.825	log10.penalty	1.45	log10.penalty	1.825	1	754
1.4625	1.4875	1.475 1.825	log10.penalty	1.475	log10.penalty	1.825	1	794
1.4875	1.5125	1.5 1.825	log10.penalty	1.5	log10.penalty	1.825	1	834
1.5125	1.5375	1.525 1.825	log10.penalty	1.525	log10.penalty	1.825	1	874
1.5375	1.5625	1.55 1.825	log10.penalty	1.55	log10.penalty	1.825	1	914
1.5625	1.5875	1.575 1.825	log10.penalty	1.575	log10.penalty	1.825	1	954
1.5875	1.6125	1.6 1.825	log10.penalty	1.6	log10.penalty	1.825	1	994
1.6125	1.6375	1.625 1.825	log10.penalty	1.625	log10.penalty	1.825	1	1034
1.6375	1.6625	1.65 1.825	log10.penalty	1.65	log10.penalty	1.825	1	1074
1.6625	1.6875	1.675 1.825	log10.penalty	1.675	log10.penalty	1.825	1	1114
1.6875	1.7125	1.7 1.825	log10.penalty	1.7	log10.penalty	1.825	1	1154
1.7125	1.7375	1.725 1.825	log10.penalty	1.725	log10.penalty	1.825	1	1194
1.7375	1.7625	1.75 1.825	log10.penalty	1.75	log10.penalty	1.825	1	1234
1.7625	1.7875	1.775 1.825	log10.penalty	1.775	log10.penalty	1.825	1	1274
1.7875	1.8125	1.8 1.825	log10.penalty	1.8	log10.penalty	1.825	1	1314
1.8125	1.8375	1	log10.penalty	1.825	log10.penalty	1.825	1	1
1.8375	1.8625	1.85 1.825	log10.penalty	1.85	log10.penalty	1.825	1	1395
1.8625	1.8875	1.875 1.825	log10.penalty	1.875	log10.penalty	1.825	1	1435
1.8875	1.9125	1.9 1.825	log10.penalty	1.9	log10.penalty	1.825	1	1475
1.9125	1.9375	1.925 1.825	log10.penalty	1.925	log10.penalty	1.825	1	1515
1.9375	1.9625	1.95 1.825	log10.penalty	1.95	log10.penalty	1.825	1	1555
1.9625	1.9875	1.975 1.825	log10.penalty	1.975	log10.penalty	1.825	1	1595
1.9875	2.0125	2 1.825	log10.penalty	2	log10.penalty	1.825	1	1635
0.9875	1.0125	1 1.85	log10.penalty	1	log10.penalty	1.85	1	35
1.0125	1.0375	1.025 1.85	log10.penalty	1.025	log10.penalty	1.85	1	75
1.0375	1.0625	1.05 1.85	log10.penalty	1.05	log10.penalty	1.85	1	115
1.0625	1.0875	1.075 1.85	log10.penalty	1.075	log10.penalty	1.85	1	155
1.0875	1.1125	1.1 1.85	log10.penalty	1.1	log10.penalty	1.85	1	195
1.1125	1.1375	1.125 1.85	log10.penalty	1.125	log10.penalty	1.85	1	235
1.1375	1.1625	1.15 1.85	log10.penalty	1.15	log10.penalty	1.85	1	275
1.1625	1.1875	1.175 1.85	log10.penalty	1.175	log10.penalty	1.85	1	315
1.1875	1.2125	1.2 1.85	log10.penalty	1.2	log10.penalty	1.85	1	355
1.2125	1.2375	1.225 1.85	log10.penalty	1.225	log10.penalty	1.85	1	395
1.2375	1.2625	1.25 1.85	log10.penalty	1.25	log10.penalty	1.85	1	435
1.2625	1.2875	1.275 1.85	log10.penalty	1.275	log10.penalty	1.85	1	475
1.2875	1.3125	1.3 1.85	log10.penalty	1.3	log10.penalty	1.85	1	515
1.3125	1.3375	1.325 1.85	log10.penalty	1.325	log10.penalty	1.85	1	555
1.3375	1.3625	1.35 1.85	log10.penalty	1.35	log10.penalty	1.85	1	595
1.3625	1.3875	1.375 1.85	log10.penalty	1.375	log10.penalty	1.85	1	635
1.3875	1.4125	1.4 1.85	log10.penalty	1.4	log10.penalty	1.85	1	675
1.4125	1.4375	1.425 1.85	log10.penalty	1.425	log10.penalty	1.85	1	715
1.4375	1.4625	1.45 1.85	log10.penalty	1.45	log10.penalty	1.85	1	755
1.4625	1.4875	1.475 1.85	log10.penalty	1.475	log10.penalty	1.85	1	795
1.4875	1.5125	1.5 1.85	log10.penalty	1.5	log10.penalty	1.85	1	835
1.5125	1.5375	1.525 1.85	log10.penalty	1.525	log10.penalty	1.85	1	875
1.5375	1.5625	1.55 1.85	log10.penalty	1.55	log10.penalty	1.85	1	915
1.5625	1.5875	1.575 1.85	log10.penalty	1.575	log10.penalty	1.85	1	955
1.5875	1.6125	1.6 1.85	log10.penalty	1.6	log10.penalty	1.85	1	995
1.6125	1.6375	1.625 1.85	log10.penalty	1.625	log10.penalty	1.85	1	1035
1.6375	1.6625	1.65 1.85	log10.penalty	1.65	log10.penalty	1.85	1	1075
1.6625	1.6875	1.675 1.85	log10.penalty	1.675	log10.penalty	1.85	1	1115
1.6875	1.7125	1.7 1.85	log10.penalty	1.7	log10.penalty	1.85	1	1155
1.7125	1.7375	1.725 1.85	log10.penalty	1.725	log10.penalty	1.85	1	1195
1.7375	1.7625	1.75 1.85	log10.penalty	1.75	log10.penalty	1.85	1	1235
1.7625	1.7875	1.775 1.85	log10.penalty	1.775	log10.penalty	1.85	1	1275
1.7875	1.8125	1.8 1.85	log10.penalty	1.8	log10.penalty	1.85	1	1315
1.8125	1.8375	1.825 1.85	log10.penalty	1.825	log10.penalty	1.85	1	1355
1.8375	1.8625	1	log10.penalty	1.85	log10.penalty	1.85	1	1
1.8625	1.8875	1.875 1.85	log10.penalty	1.875	log10.penalty	1.85	1	1436
1.8875	1.9125	1.9 1.85	log10.penalty	1.9	log10.penalty	1.85	1	1476
1.9125	1.9375	1.925 1.85	log10.penalty	1.925	log10.penalty	1.85	1	1516
1.9375	1.9625	1.95 1.85	log10.penalty	1.95	log10.penalty	1.85	1	1556
1.9625	1.9875	1.975 1.85	log10.penalty	1.975	log10.penalty	1.85	1	1596
1.9875	2.0125	2 1.85	log10.penalty	2	log10.penalty	1.85	1	1636
0.9875	1.0125	1 1.875	log10.penalty	1	log10.penalty	1.875	1	36
1.0125	1.0375	1.025 1.875	log10.penalty	1.025	log10.penalty	1.875	1	76
1.0375	1.0625	1.05 1.875	log10.penalty	1.05	log10.penalty	1.875	1	116
1.0625	1.0875	1.075 1.875	log10.penalty	1.075	log10.penalty	1.875	1	156
1.0875	1.1125	1.1 1.875	log10.penalty	1.1	log10.penalty	1.875	1	196
1.1125	1.1375	1.125 1.875	log10.penalty	1.125	log10.penalty	1.875	1	236
1.1375	1.1625	1.15 1.875	log10.penalty	1.15	log10.penalty	1.875	1	276
1.1625	1.1875	1.175 1.875	log10.penalty	1.175	log10.penalty	1.875	1	316
1.1875	1.2125	1.2 1.875	log10.penalty	1.2	log10.penalty	1.875	1	356
1.2125	1.2375	1.225 1.875	log10.penalty	1.225	log10.penalty	1.875	1	396
1.2375	1.2625	1.25 1.875	log10.penalty	1.25	log10.penalty	1.875	1	436
1.2625	1.2875	1.275 1.875	log10.penalty	1.275	log10.penalty	1.875	1	476
1.2875	1.3125	1.3 1.875	log10.penalty	1.3	log10.penalty	1.875	1	516
1.3125	1.3375	1.325 1.875	log10.penalty	1.325	log10.penalty	1.875	1	556
1.3375	1.3625	1.35 1.875	log10.penalty	1.35	log10.penalty	1.875	1	596
1.3625	1.3875	1.375 1.875	log10.penalty	1.375	log10.penalty	1.875	1	636
1.3875	1.4125	1.4 1.875	log10.penalty	1.4	log10.penalty	1.875	1	676
1.4125	1.4375	1.425 1.875	log10.penalty	1.425	log10.penalty	1.875	1	716
1.4375	1.4625	1.45 1.875	log10.penalty	1.45	log10.penalty	1.875	1	756
1.4625	1.4875	1.475 1.875	log10.penalty	1.475	log10.penalty	1.875	1	796
1.4875	1.5125	1.5 1.875	log10.penalty	1.5	log10.penalty	1.875	1	836
1.5125	1.5375	1.525 1.875	log10.penalty	1.525	log10.penalty	1.875	1	876
1.5375	1.5625	1.55 1.875	log10.penalty	1.55	log10.penalty	1.875	1	916
1.5625	1.5875	1.575 1.875	log10.penalty	1.575	log10.penalty	1.875	1	956
1.5875	1.6125	1.6 1.875	log10.penalty	1.6	log10.penalty	1.875	1	996
1.6125	1.6375	1.625 1.875	log10.penalty	1.625	log10.penalty	1.875	1	1036
1.6375	1.6625	1.65 1.875	log10.penalty	1.65	log10.penalty	1.875	1	1076
1.6625	1.6875	1.675 1.875	log10.penalty	1.675	log10.penalty	1.875	1	1116
1.6875	1.7125	1.7 1.875	log10.penalty	1.7	log10.penalty	1.875	1	1156
1.7125	1.7375	1.725 1.875	log10.penalty	1.725	log10.penalty	1.875	1	1196
1.7375	1.7625	1.75 1.875	log10.penalty	1.75	log10.penalty	1.875	1	1236
1.7625	1.7875	1.775 1.875	log10.penalty	1.775	log10.penalty	1.875	1	1276
1.7875	1.8125	1.8 1.875	log10.penalty	1.8	log10.penalty	1.875	1	1316
1.8125	1.8375	1.825 1.875	log10.penalty	1.825	log10.penalty	1.875	1	1356
1.8375	1.8625	1.85 1.875	log10.penalty	1.85	log10.penalty	1.875	1	1396
1.8625	1.8875	1	log10.penalty	1.875	log10.penalty	1.875	1	1
1.8875	1.9125	1.9 1.875	log10.penalty	1.9	log10.penalty	1.875	1	1477
1.9125	1.9375	1.925 1.875	log10.penalty	1.925	log10.penalty	1.875	1	1517
1.9375	1.9625	1.95 1.875	log10.penalty	1.95	log10.penalty	1.875	1	1557
1.9625	1.9875	1.975 1.875	log10.penalty	1.975	log10.penalty	1.875	1	1597
1.9875	2.0125	2 1.875	log10.penalty	2	log10.penalty	1.875	1	1637
0.9875	1.0125	1 1.9	log10.penalty	1	log10.penalty	1.9	1	37
1.0125	1.0375	1.025 1.9	log10.penalty	1.025	log10.penalty	1.9	1	77
1.0375	1.0625	1.05 1.9	log10.penalty	1.05	log10.penalty	1.9	1	117
1.0625	1.0875	1.075 1.9	log10.penalty	1.075	log10.penalty	1.9	1	157
1.0875	1.1125	1.1 1.9	log10.penalty	1.1	log10.penalty	1.9	1	197
1.1125	1.1375	1.125 1.9	log10.penalty	1.125	log10.penalty	1.9	1	237
1.1375	1.1625	1.15 1.9	log10.penalty	1.15	log10.penalty	1.9	1	277
1.1625	1.1875	1.175 1.9	log10.penalty	1.175	log10.penalty	1.9	1	317
1.1875	1.2125	1.2 1.9	log10.penalty	1.2	log10.penalty	1.9	1	357
1.2125	1.2375	1.225 1.9	log10.penalty	1.225	log10.penalty	1.9	1	397
1.2375	1.2625	1.25 1.9	log10.penalty	1.25	log10.penalty	1.9	1	437
1.2625	1.2875	1.275 1.9	log10.penalty	1.275	log10.penalty	1.9	1	477
1.2875	1.3125	1.3 1.9	log10.penalty	1.3	log10.penalty	1.9	1	517
1.3125	1.3375	1.325 1.9	log10.penalty	1.325	log10.penalty	1.9	1	557
1.3375	1.3625	1.35 1.9	log10.penalty	1.35	log10.penalty	1.9	1	597
1.3625	1.3875	1.375 1.9	log10.penalty	1.375	log10.penalty	1.9	1	637
1.3875	1.4125	1.4 1.9	log10.penalty	1.4	log10.penalty	1.9	1	677
1.4125	1.4375	1.425 1.9	log10.penalty	1.425	log10.penalty	1.9	1	717
1.4375	1.4625	1.45 1.9	log10.penalty	1.45	log10.penalty	1.9	1	757
1.4625	1.4875	1.475 1.9	log10.penalty	1.475	log10.penalty	1.9	1	797
1.4875	1.5125	1.5 1.9	log10.penalty	1.5	log10.penalty	1.9	1	837
1.5125	1.5375	1.525 1.9	log10.penalty	1.525	log10.penalty	1.9	1	877
1.5375	1.5625	1.55 1.9	log10.penalty	1.55	log10.penalty	1.9	1	917
1.5625	1.5875	1.575 1.9	log10.penalty	1.575	log10.penalty	1.9	1	957
1.5875	1.6125	1.6 1.9	log10.penalty	1.6	log10.penalty	1.9	1	997
1.6125	1.6375	1.625 1.9	log10.penalty	1.625	log10.penalty	1.9	1	1037
1.6375	1.6625	1.65 1.9	log10.penalty	1.65	log10.penalty	1.9	1	1077
1.6625	1.6875	1.675 1.9	log10.penalty	1.675	log10.penalty	1.9	1	1117
1.6875	1.7125	1.7 1.9	log10.penalty	1.7	log10.penalty	1.9	1	1157
1.7125	1.7375	1.725 1.9	log10.penalty	1.725	log10.penalty	1.9	1	1197
1.7375	1.7625	1.75 1.9	log10.penalty	1.75	log10.penalty	1.9	1	1237
1.7625	1.7875	1.775 1.9	log10.penalty	1.775	log10.penalty	1.9	1	1277
1.7875	1.8125	1.8 1.9	log10.penalty	1.8	log10.penalty	1.9	1	1317
1.8125	1.8375	1.825 1.9	log10.penalty	1.825	log10.penalty	1.9	1	1357
1.8375	1.8625	1.85 1.9	log10.penalty	1.85	log10.penalty	1.9	1	1397
1.8625	1.8875	1.875 1.9	log10.penalty	1.875	log10.penalty	1.9	1	1437
1.8875	1.9125	1	log10.penalty	1.9	log10.penalty	1.9	1	1
1.9125	1.9375	1.925 1.9	log10.penalty	1.925	log10.penalty	1.9	1	1518
1.9375	1.9625	1.95 1.9	log10.penalty	1.95	log10.penalty	1.9	1	1558
1.9625	1.9875	1.975 1.9	log10.penalty	1.975	log10.penalty	1.9	1	1598
1.9875	2.0125	2 1.9	log10.penalty	2	log10.penalty	1.9	1	1638
0.9875	1.0125	1 1.925	log10.penalty	1	log10.penalty	1.925	1	38
1.0125	1.0375	1.025 1.925	log10.penalty	1.025	log10.penalty	1.925	1	78
1.0375	1.0625	1.05 1.925	log10.penalty	1.05	log10.penalty	1.925	1	118
1.0625	1.0875	1.075 1.925	log10.penalty	1.075	log10.penalty	1.925	1	158
1.0875	1.1125	1.1 1.925	log10.penalty	1.1	log10.penalty	1.925	1	198
1.1125	1.1375	1.125 1.925	log10.penalty	1.125	log10.penalty	1.925	1	238
1.1375	1.1625	1.15 1.925	log10.penalty	1.15	log10.penalty	1.925	1	278
1.1625	1.1875	1.175 1.925	log10.penalty	1.175	log10.penalty	1.925	1	318
1.1875	1.2125	1.2 1.925	log10.penalty	1.2	log10.penalty	1.925	1	358
1.2125	1.2375	1.225 1.925	log10.penalty	1.225	log10.penalty	1.925	1	398
1.2375	1.2625	1.25 1.925	log10.penalty	1.25	log10.penalty	1.925	1	438
1.2625	1.2875	1.275 1.925	log10.penalty	1.275	log10.penalty	1.925	1	478
1.2875	1.3125	1.3 1.925	log10.penalty	1.3	log10.penalty	1.925	1	518
1.3125	1.3375	1.325 1.925	log10.penalty	1.325	log10.penalty	1.925	1	558
1.3375	1.3625	1.35 1.925	log10.penalty	1.35	log10.penalty	1.925	1	598
1.3625	1.3875	1.375 1.925	log10.penalty	1.375	log10.penalty	1.925	1	638
1.3875	1.4125	1.4 1.925	log10.penalty	1.4	log10.penalty	1.925	1	678
1.4125	1.4375	1.425 1.925	log10.penalty	1.425	log10.penalty	1.925	1	718
1.4375	1.4625	1.45 1.925	log10.penalty	1.45	log10.penalty	1.925	1	758
1.4625	1.4875	1.475 1.925	log10.penalty	1.475	log10.penalty	1.925	1	798
1.4875	1.5125	1.5 1.925	log10.penalty	1.5	log10.penalty	1.925	1	838
1.5125	1.5375	1.525 1.925	log10.penalty	1.525	log10.penalty	1.925	1	878
1.5375	1.5625	1.55 1.925	log10.penalty	1.55	log10.penalty	1.925	1	918
1.5625	1.5875	1.575 1.925	log10.penalty	1.575	log10.penalty	1.925	1	958
1.5875	1.6125	1.6 1.925	log10.penalty	1.6	log10.penalty	1.925	1	998
1.6125	1.6375	1.625 1.925	log10.penalty	1.625	log10.penalty	1.925	1	1038
1.6375	1.6625	1.65 1.925	log10.penalty	1.65	log10.penalty	1.925	1	1078
1.6625	1.6875	1.675 1.925	log10.penalty	1.675	log10.penalty	1.925	1	1118
1.6875	1.7125	1.7 1.925	log10.penalty	1.7	log10.penalty	1.925	1	1158
1.7125	1.7375	1.725 1.925	log10.penalty	1.725	log10.penalty	1.925	1	1198
1.7375	1.7625	1.75 1.925	log10.penalty	1.75	log10.penalty	1.925	1	1238
1.7625	1.7875	1.775 1.925	log10.penalty	1.775	log10.penalty	1.925	1	1278
1.7875	1.8125	1.8 1.925	log10.penalty	1.8	log10.penalty	1.925	1	1318
1.8125	1.8375	1.825 1.925	log10.penalty	1.825	log10.penalty	1.925	1	1358
1.8375	1.8625	1.85 1.925	log10.penalty	1.85	log10.penalty	1.925	1	1398
1.8625	1.8875	1.875 1.925	log10.penalty	1.875	log10.penalty	1.925	1	1438
1.8875	1.9125	1.9 1.925	log10.penalty	1.9	log10.penalty	1.925	1	1478
1.9125	1.9375	1	log10.penalty	1.925	log10.penalty	1.925	1	1
1.9375	1.9625	1.95 1.925	log10.penalty	1.95	log10.penalty	1.925	1	1559
1.9625	1.9875	1.975 1.925	log10.penalty	1.975	log10.penalty	1.925	1	1599
1.9875	2.0125	2 1.925	log10.penalty	2	log10.penalty	1.925	1	1639
0.9875	1.0125	1 1.95	log10.penalty	1	log10.penalty	1.95	1	39
1.0125	1.0375	1.025 1.95	log10.penalty	1.025	log10.penalty	1.95	1	79
1.0375	1.0625	1.05 1.95	log10.penalty	1.05	log10.penalty	1.95	1	119
1.0625	1.0875	1.075 1.95	log10.penalty	1.075	log10.penalty	1.95	1	159
1.0875	1.1125	1.1 1.95	log10.penalty	1.1	log10.penalty	1.95	1	199
1.1125	1.1375	1.125 1.95	log10.penalty	1.125	log10.penalty	1.95	1	239
1.1375	1.1625	1.15 1.95	log10.penalty	1.15	log10.penalty	1.95	1	279
1.1625	1.1875	1.175 1.95	log10.penalty	1.175	log10.penalty	1.95	1	319
1.1875	1.2125	1.2 1.95	log10.penalty	1.2	log10.penalty	1.95	1	359
1.2125	1.2375	1.225 1.95	log10.penalty	1.225	log10.penalty	1.95	1	399
1.2375	1.2625	1.25 1.95	log10.penalty	1.25	log10.penalty	1.95	1	439
1.2625	1.2875	1.275 1.95	log10.penalty	1.275	log10.penalty	1.95	1	479
1.2875	1.3125	1.3 1.95	log10.penalty	1.3	log10.penalty	1.95	1	519
1.3125	1.3375	1.325 1.95	log10.penalty	1.325	log10.penalty	1.95	1	559
1.3375	1.3625	1.35 1.95	log10.penalty	1.35	log10.penalty	1.95	1	599
1.3625	1.3875	1.375 1.95	log10.penalty	1.375	log10.penalty	1.95	1	639
1.3875	1.4125	1.4 1.95	log10.penalty	1.4	log10.penalty	1.95	1	679
1.4125	1.4375	1.425 1.95	log10.penalty	1.425	log10.penalty	1.95	1	719
1.4375	1.4625	1.45 1.95	log10.penalty	1.45	log10.penalty	1.95	1	759
1.4625	1.4875	1.475 1.95	log10.penalty	1.475	log10.penalty	1.95	1	799
1.4875	1.5125	1.5 1.95	log10.penalty	1.5	log10.penalty	1.95	1	839
1.5125	1.5375	1.525 1.95	log10.penalty	1.525	log10.penalty	1.95	1	879
1.5375	1.5625	1.55 1.95	log10.penalty	1.55	log10.penalty	1.95	1	919
1.5625	1.5875	1.575 1.95	log10.penalty	1.575	log10.penalty	1.95	1	959
1.5875	1.6125	1.6 1.95	log10.penalty	1.6	log10.penalty	1.95	1	999
1.6125	1.6375	1.625 1.95	log10.penalty	1.625	log10.penalty	1.95	1	1039
1.6375	1.6625	1.65 1.95	log10.penalty	1.65	log10.penalty	1.95	1	1079
1.6625	1.6875	1.675 1.95	log10.penalty	1.675	log10.penalty	1.95	1	1119
1.6875	1.7125	1.7 1.95	log10.penalty	1.7	log10.penalty	1.95	1	1159
1.7125	1.7375	1.725 1.95	log10.penalty	1.725	log10.penalty	1.95	1	1199
1.7375	1.7625	1.75 1.95	log10.penalty	1.75	log10.penalty	1.95	1	1239
1.7625	1.7875	1.775 1.95	log10.penalty	1.775	log10.penalty	1.95	1	1279
1.7875	1.8125	1.8 1.95	log10.penalty	1.8	log10.penalty	1.95	1	1319
1.8125	1.8375	1.825 1.95	log10.penalty	1.825	log10.penalty	1.95	1	1359
1.8375	1.8625	1.85 1.95	log10.penalty	1.85	log10.penalty	1.95	1	1399
1.8625	1.8875	1.875 1.95	log10.penalty	1.875	log10.penalty	1.95	1	1439
1.8875	1.9125	1.9 1.95	log10.penalty	1.9	log10.penalty	1.95	1	1479
1.9125	1.9375	1.925 1.95	log10.penalty	1.925	log10.penalty	1.95	1	1519
1.9375	1.9625	1	log10.penalty	1.95	log10.penalty	1.95	1	1
1.9625	1.9875	1.975 1.95	log10.penalty	1.975	log10.penalty	1.95	1	1600
1.9875	2.0125	2 1.95	log10.penalty	2	log10.penalty	1.95	1	1640
0.9875	1.0125	1 1.975	log10.penalty	1	log10.penalty	1.975	1	40
1.0125	1.0375	1.025 1.975	log10.penalty	1.025	log10.penalty	1.975	1	80
1.0375	1.0625	1.05 1.975	log10.penalty	1.05	log10.penalty	1.975	1	120
1.0625	1.0875	1.075 1.975	log10.penalty	1.075	log10.penalty	1.975	1	160
1.0875	1.1125	1.1 1.975	log10.penalty	1.1	log10.penalty	1.975	1	200
1.1125	1.1375	1.125 1.975	log10.penalty	1.125	log10.penalty	1.975	1	240
1.1375	1.1625	1.15 1.975	log10.penalty	1.15	log10.penalty	1.975	1	280
1.1625	1.1875	1.175 1.975	log10.penalty	1.175	log10.penalty	1.975	1	320
1.1875	1.2125	1.2 1.975	log10.penalty	1.2	log10.penalty	1.975	1	360
1.2125	1.2375	1.225 1.975	log10.penalty	1.225	log10.penalty	1.975	1	400
1.2375	1.2625	1.25 1.975	log10.penalty	1.25	log10.penalty	1.975	1	440
1.2625	1.2875	1.275 1.975	log10.penalty	1.275	log10.penalty	1.975	1	480
1.2875	1.3125	1.3 1.975	log10.penalty	1.3	log10.penalty	1.975	1	520
1.3125	1.3375	1.325 1.975	log10.penalty	1.325	log10.penalty	1.975	1	560
1.3375	1.3625	1.35 1.975	log10.penalty	1.35	log10.penalty	1.975	1	600
1.3625	1.3875	1.375 1.975	log10.penalty	1.375	log10.penalty	1.975	1	640
1.3875	1.4125	1.4 1.975	log10.penalty	1.4	log10.penalty	1.975	1	680
1.4125	1.4375	1.425 1.975	log10.penalty	1.425	log10.penalty	1.975	1	720
1.4375	1.4625	1.45 1.975	log10.penalty	1.45	log10.penalty	1.975	1	760
1.4625	1.4875	1.475 1.975	log10.penalty	1.475	log10.penalty	1.975	1	800
1.4875	1.5125	1.5 1.975	log10.penalty	1.5	log10.penalty	1.975	1	840
1.5125	1.5375	1.525 1.975	log10.penalty	1.525	log10.penalty	1.975	1	880
1.5375	1.5625	1.55 1.975	log10.penalty	1.55	log10.penalty	1.975	1	920
1.5625	1.5875	1.575 1.975	log10.penalty	1.575	log10.penalty	1.975	1	960
1.5875	1.6125	1.6 1.975	log10.penalty	1.6	log10.penalty	1.975	1	1000
1.6125	1.6375	1.625 1.975	log10.penalty	1.625	log10.penalty	1.975	1	1040
1.6375	1.6625	1.65 1.975	log10.penalty	1.65	log10.penalty	1.975	1	1080
1.6625	1.6875	1.675 1.975	log10.penalty	1.675	log10.penalty	1.975	1	1120
1.6875	1.7125	1.7 1.975	log10.penalty	1.7	log10.penalty	1.975	1	1160
1.7125	1.7375	1.725 1.975	log10.penalty	1.725	log10.penalty	1.975	1	1200
1.7375	1.7625	1.75 1.975	log10.penalty	1.75	log10.penalty	1.975	1	1240
1.7625	1.7875	1.775 1.975	log10.penalty	1.775	log10.penalty	1.975	1	1280
1.7875	1.8125	1.8 1.975	log10.penalty	1.8	log10.penalty	1.975	1	1320
1.8125	1.8375	1.825 1.975	log10.penalty	1.825	log10.penalty	1.975	1	1360
1.8375	1.8625	1.85 1.975	log10.penalty	1.85	log10.penalty	1.975	1	1400
1.8625	1.8875	1.875 1.975	log10.penalty	1.875	log10.penalty	1.975	1	1440
1.8875	1.9125	1.9 1.975	log10.penalty	1.9	log10.penalty	1.975	1	1480
1.9125	1.9375	1.925 1.975	log10.penalty	1.925	log10.penalty	1.975	1	1520
1.9375	1.9625	1.95 1.975	log10.penalty	1.95	log10.penalty	1.975	1	1560
1.9625	1.9875	1	log10.penalty	1.975	log10.penalty	1.975	1	1
1.9875	2.0125	2 1.975	log10.penalty	2	log10.penalty	1.975	1	1641
0.9875	1.0125	1 2	log10.penalty	1	log10.penalty	2	1	41
1.0125	1.0375	1.025 2	log10.penalty	1.025	log10.penalty	2	1	81
1.0375	1.0625	1.05 2	log10.penalty	1.05	log10.penalty	2	1	121
1.0625	1.0875	1.075 2	log10.penalty	1.075	log10.penalty	2	1	161
1.0875	1.1125	1.1 2	log10.penalty	1.1	log10.penalty	2	1	201
1.1125	1.1375	1.125 2	log10.penalty	1.125	log10.penalty	2	1	241
1.1375	1.1625	1.15 2	log10.penalty	1.15	log10.penalty	2	1	281
1.1625	1.1875	1.175 2	log10.penalty	1.175	log10.penalty	2	1	321
1.1875	1.2125	1.2 2	log10.penalty	1.2	log10.penalty	2	1	361
1.2125	1.2375	1.225 2	log10.penalty	1.225	log10.penalty	2	1	401
1.2375	1.2625	1.25 2	log10.penalty	1.25	log10.penalty	2	1	441
1.2625	1.2875	1.275 2	log10.penalty	1.275	log10.penalty	2	1	481
1.2875	1.3125	1.3 2	log10.penalty	1.3	log10.penalty	2	1	521
1.3125	1.3375	1.325 2	log10.penalty	1.325	log10.penalty	2	1	561
1.3375	1.3625	1.35 2	log10.penalty	1.35	log10.penalty	2	1	601
1.3625	1.3875	1.375 2	log10.penalty	1.375	log10.penalty	2	1	641
1.3875	1.4125	1.4 2	log10.penalty	1.4	log10.penalty	2	1	681
1.4125	1.4375	1.425 2	log10.penalty	1.425	log10.penalty	2	1	721
1.4375	1.4625	1.45 2	log10.penalty	1.45	log10.penalty	2	1	761
1.4625	1.4875	1.475 2	log10.penalty	1.475	log10.penalty	2	1	801
1.4875	1.5125	1.5 2	log10.penalty	1.5	log10.penalty	2	1	841
1.5125	1.5375	1.525 2	log10.penalty	1.525	log10.penalty	2	1	881
1.5375	1.5625	1.55 2	log10.penalty	1.55	log10.penalty	2	1	921
1.5625	1.5875	1.575 2	log10.penalty	1.575	log10.penalty	2	1	961
1.5875	1.6125	1.6 2	log10.penalty	1.6	log10.penalty	2	1	1001
1.6125	1.6375	1.625 2	log10.penalty	1.625	log10.penalty	2	1	1041
1.6375	1.6625	1.65 2	log10.penalty	1.65	log10.penalty	2	1	1081
1.6625	1.6875	1.675 2	log10.penalty	1.675	log10.penalty	2	1	1121
1.6875	1.7125	1.7 2	log10.penalty	1.7	log10.penalty	2	1	1161
1.7125	1.7375	1.725 2	log10.penalty	1.725	log10.penalty	2	1	1201
1.7375	1.7625	1.75 2	log10.penalty	1.75	log10.penalty	2	1	1241
1.7625	1.7875	1.775 2	log10.penalty	1.775	log10.penalty	2	1	1281
1.7875	1.8125	1.8 2	log10.penalty	1.8	log10.penalty	2	1	1321
1.8125	1.8375	1.825 2	log10.penalty	1.825	log10.penalty	2	1	1361
1.8375	1.8625	1.85 2	log10.penalty	1.85	log10.penalty	2	1	1401
1.8625	1.8875	1.875 2	log10.penalty	1.875	log10.penalty	2	1	1441
1.8875	1.9125	1.9 2	log10.penalty	1.9	log10.penalty	2	1	1481
1.9125	1.9375	1.925 2	log10.penalty	1.925	log10.penalty	2	1	1521
1.9375	1.9625	1.95 2	log10.penalty	1.95	log10.penalty	2	1	1561
1.9625	1.9875	1.975 2	log10.penalty	1.975	log10.penalty	2	1	1601
1.9875	2.0125	1	log10.penalty	2	log10.penalty	2	1	1
0.9875	1.0125	1	log10.penalty	1	log10.penalty	1	2	1
1.0125	1.0375	1.025 1	log10.penalty	1.025	log10.penalty	1	2	42
1.0375	1.0625	1.05 1	log10.penalty	1.05	log10.penalty	1	2	82
1.0625	1.0875	1.075 1	log10.penalty	1.075	log10.penalty	1	2	122
1.0875	1.1125	1.1 1	log10.penalty	1.1	log10.penalty	1	2	162
1.1125	1.1375	1.125 1	log10.penalty	1.125	log10.penalty	1	2	202
1.1375	1.1625	1.15 1	log10.penalty	1.15	log10.penalty	1	2	242
1.1625	1.1875	1.175 1	log10.penalty	1.175	log10.penalty	1	2	282
1.1875	1.2125	1.2 1	log10.penalty	1.2	log10.penalty	1	2	322
1.2125	1.2375	1.225 1	log10.penalty	1.225	log10.penalty	1	2	362
1.2375	1.2625	1.25 1	log10.penalty	1.25	log10.penalty	1	2	402
1.2625	1.2875	1.275 1	log10.penalty	1.275	log10.penalty	1	2	442
1.2875	1.3125	1.3 1	log10.penalty	1.3	log10.penalty	1	2	482
1.3125	1.3375	1.325 1	log10.penalty	1.325	log10.penalty	1	2	522
1.3375	1.3625	1.35 1	log10.penalty	1.35	log10.penalty	1	2	562
1.3625	1.3875	1.375 1	log10.penalty	1.375	log10.penalty	1	2	602
1.3875	1.4125	1.4 1	log10.penalty	1.4	log10.penalty	1	2	642
1.4125	1.4375	1.425 1	log10.penalty	1.425	log10.penalty	1	2	682
1.4375	1.4625	1.45 1	log10.penalty	1.45	log10.penalty	1	2	722
1.4625	1.4875	1.475 1	log10.penalty	1.475	log10.penalty	1	2	762
1.4875	1.5125	1.5 1	log10.penalty	1.5	log10.penalty	1	2	802
1.5125	1.5375	1.525 1	log10.penalty	1.525	log10.penalty	1	2	842
1.5375	1.5625	1.55 1	log10.penalty	1.55	log10.penalty	1	2	882
1.5625	1.5875	1.575 1	log10.penalty	1.575	log10.penalty	1	2	922
1.5875	1.6125	1.6 1	log10.penalty	1.6	log10.penalty	1	2	962
1.6125	1.6375	1.625 1	log10.penalty	1.625	log10.penalty	1	2	1002
1.6375	1.6625	1.65 1	log10.penalty	1.65	log10.penalty	1	2	1042
1.6625	1.6875	1.675 1	log10.penalty	1.675	log10.penalty	1	2	1082
1.6875	1.7125	1.7 1	log10.penalty	1.7	log10.penalty	1	2	1122
1.7125	1.7375	1.725 1	log10.penalty	1.725	log10.penalty	1	2	1162
1.7375	1.7625	1.75 1	log10.penalty	1.75	log10.penalty	1	2	1202
1.7625	1.7875	1.775 1	log10.penalty	1.775	log10.penalty	1	2	1242
1.7875	1.8125	1.8 1	log10.penalty	1.8	log10.penalty	1	2	1282
1.8125	1.8375	1.825 1	log10.penalty	1.825	log10.penalty	1	2	1322
1.8375	1.8625	1.85 1	log10.penalty	1.85	log10.penalty	1	2	1362
1.8625	1.8875	1.875 1	log10.penalty	1.875	log10.penalty	1	2	1402
1.8875	1.9125	1.9 1	log10.penalty	1.9	log10.penalty	1	2	1442
1.9125	1.9375	1.925 1	log10.penalty	1.925	log10.penalty	1	2	1482
1.9375	1.9625	1.95 1	log10.penalty	1.95	log10.penalty	1	2	1522
1.9625	1.9875	1.975 1	log10.penalty	1.975	log10.penalty	1	2	1562
1.9875	2.0125	2 1	log10.penalty	2	log10.penalty	1	2	1602
0.9875	1.0125	1 1.025	log10.penalty	1	log10.penalty	1.025	2	2
1.0125	1.0375	1	log10.penalty	1.025	log10.penalty	1.025	2	1
1.0375	1.0625	1.05 1.025	log10.penalty	1.05	log10.penalty	1.025	2	83
1.0625	1.0875	1.075 1.025	log10.penalty	1.075	log10.penalty	1.025	2	123
1.0875	1.1125	1.1 1.025	log10.penalty	1.1	log10.penalty	1.025	2	163
1.1125	1.1375	1.125 1.025	log10.penalty	1.125	log10.penalty	1.025	2	203
1.1375	1.1625	1.15 1.025	log10.penalty	1.15	log10.penalty	1.025	2	243
1.1625	1.1875	1.175 1.025	log10.penalty	1.175	log10.penalty	1.025	2	283
1.1875	1.2125	1.2 1.025	log10.penalty	1.2	log10.penalty	1.025	2	323
1.2125	1.2375	1.225 1.025	log10.penalty	1.225	log10.penalty	1.025	2	363
1.2375	1.2625	1.25 1.025	log10.penalty	1.25	log10.penalty	1.025	2	403
1.2625	1.2875	1.275 1.025	log10.penalty	1.275	log10.penalty	1.025	2	443
1.2875	1.3125	1.3 1.025	log10.penalty	1.3	log10.penalty	1.025	2	483
1.3125	1.3375	1.325 1.025	log10.penalty	1.325	log10.penalty	1.025	2	523
1.3375	1.3625	1.35 1.025	log10.penalty	1.35	log10.penalty	1.025	2	563
1.3625	1.3875	1.375 1.025	log10.penalty	1.375	log10.penalty	1.025	2	603
1.3875	1.4125	1.4 1.025	log10.penalty	1.4	log10.penalty	1.025	2	643
1.4125	1.4375	1.425 1.025	log10.penalty	1.425	log10.penalty	1.025	2	683
1.4375	1.4625	1.45 1.025	log10.penalty	1.45	log10.penalty	1.025	2	723
1.4625	1.4875	1.475 1.025	log10.penalty	1.475	log10.penalty	1.025	2	763
1.4875	1.5125	1.5 1.025	log10.penalty	1.5	log10.penalty	1.025	2	803
1.5125	1.5375	1.525 1.025	log10.penalty	1.525	log10.penalty	1.025	2	843
1.5375	1.5625	1.55 1.025	log10.penalty	1.55	log10.penalty	1.025	2	883
1.5625	1.5875	1.575 1.025	log10.penalty	1.575	log10.penalty	1.025	2	923
1.5875	1.6125	1.6 1.025	log10.penalty	1.6	log10.penalty	1.025	2	963
1.6125	1.6375	1.625 1.025	log10.penalty	1.625	log10.penalty	1.025	2	1003
1.6375	1.6625	1.65 1.025	log10.penalty	1.65	log10.penalty	1.025	2	1043
1.6625	1.6875	1.675 1.025	log10.penalty	1.675	log10.penalty	1.025	2	1083
1.6875	1.7125	1.7 1.025	log10.penalty	1.7	log10.penalty	1.025	2	1123
1.7125	1.7375	1.725 1.025	log10.penalty	1.725	log10.penalty	1.025	2	1163
1.7375	1.7625	1.75 1.025	log10.penalty	1.75	log10.penalty	1.025	2	1203
1.7625	1.7875	1.775 1.025	log10.penalty	1.775	log10.penalty	1.025	2	1243
1.7875	1.8125	1.8 1.025	log10.penalty	1.8	log10.penalty	1.025	2	1283
1.8125	1.8375	1.825 1.025	log10.penalty	1.825	log10.penalty	1.025	2	1323
1.8375	1.8625	1.85 1.025	log10.penalty	1.85	log10.penalty	1.025	2	1363
1.8625	1.8875	1.875 1.025	log10.penalty	1.875	log10.penalty	1.025	2	1403
1.8875	1.9125	1.9 1.025	log10.penalty	1.9	log10.penalty	1.025	2	1443
1.9125	1.9375	1.925 1.025	log10.penalty	1.925	log10.penalty	1.025	2	1483
1.9375	1.9625	1.95 1.025	log10.penalty	1.95	log10.penalty	1.025	2	1523
1.9625	1.9875	1.975 1.025	log10.penalty	1.975	log10.penalty	1.025	2	1563
1.9875	2.0125	2 1.025	log10.penalty	2	log10.penalty	1.025	2	1603
0.9875	1.0125	1 1.05	log10.penalty	1	log10.penalty	1.05	2	3
1.0125	1.0375	1.025 1.05	log10.penalty	1.025	log10.penalty	1.05	2	43
1.0375	1.0625	1	log10.penalty	1.05	log10.penalty	1.05	2	1
1.0625	1.0875	1.075 1.05	log10.penalty	1.075	log10.penalty	1.05	2	124
1.0875	1.1125	1.1 1.05	log10.penalty	1.1	log10.penalty	1.05	2	164
1.1125	1.1375	1.125 1.05	log10.penalty	1.125	log10.penalty	1.05	2	204
1.1375	1.1625	1.15 1.05	log10.penalty	1.15	log10.penalty	1.05	2	244
1.1625	1.1875	1.175 1.05	log10.penalty	1.175	log10.penalty	1.05	2	284
1.1875	1.2125	1.2 1.05	log10.penalty	1.2	log10.penalty	1.05	2	324
1.2125	1.2375	1.225 1.05	log10.penalty	1.225	log10.penalty	1.05	2	364
1.2375	1.2625	1.25 1.05	log10.penalty	1.25	log10.penalty	1.05	2	404
1.2625	1.2875	1.275 1.05	log10.penalty	1.275	log10.penalty	1.05	2	444
1.2875	1.3125	1.3 1.05	log10.penalty	1.3	log10.penalty	1.05	2	484
1.3125	1.3375	1.325 1.05	log10.penalty	1.325	log10.penalty	1.05	2	524
1.3375	1.3625	1.35 1.05	log10.penalty	1.35	log10.penalty	1.05	2	564
1.3625	1.3875	1.375 1.05	log10.penalty	1.375	log10.penalty	1.05	2	604
1.3875	1.4125	1.4 1.05	log10.penalty	1.4	log10.penalty	1.05	2	644
1.4125	1.4375	1.425 1.05	log10.penalty	1.425	log10.penalty	1.05	2	684
1.4375	1.4625	1.45 1.05	log10.penalty	1.45	log10.penalty	1.05	2	724
1.4625	1.4875	1.475 1.05	log10.penalty	1.475	log10.penalty	1.05	2	764
1.4875	1.5125	1.5 1.05	log10.penalty	1.5	log10.penalty	1.05	2	804
1.5125	1.5375	1.525 1.05	log10.penalty	1.525	log10.penalty	1.05	2	844
1.5375	1.5625	1.55 1.05	log10.penalty	1.55	log10.penalty	1.05	2	884
1.5625	1.5875	1.575 1.05	log10.penalty	1.575	log10.penalty	1.05	2	924
1.5875	1.6125	1.6 1.05	log10.penalty	1.6	log10.penalty	1.05	2	964
1.6125	1.6375	1.625 1.05	log10.penalty	1.625	log10.penalty	1.05	2	1004
1.6375	1.6625	1.65 1.05	log10.penalty	1.65	log10.penalty	1.05	2	1044
1.6625	1.6875	1.675 1.05	log10.penalty	1.675	log10.penalty	1.05	2	1084
1.6875	1.7125	1.7 1.05	log10.penalty	1.7	log10.penalty	1.05	2	1124
1.7125	1.7375	1.725 1.05	log10.penalty	1.725	log10.penalty	1.05	2	1164
1.7375	1.7625	1.75 1.05	log10.penalty	1.75	log10.penalty	1.05	2	1204
1.7625	1.7875	1.775 1.05	log10.penalty	1.775	log10.penalty	1.05	2	1244
1.7875	1.8125	1.8 1.05	log10.penalty	1.8	log10.penalty	1.05	2	1284
1.8125	1.8375	1.825 1.05	log10.penalty	1.825	log10.penalty	1.05	2	1324
1.8375	1.8625	1.85 1.05	log10.penalty	1.85	log10.penalty	1.05	2	1364
1.8625	1.8875	1.875 1.05	log10.penalty	1.875	log10.penalty	1.05	2	1404
1.8875	1.9125	1.9 1.05	log10.penalty	1.9	log10.penalty	1.05	2	1444
1.9125	1.9375	1.925 1.05	log10.penalty	1.925	log10.penalty	1.05	2	1484
1.9375	1.9625	1.95 1.05	log10.penalty	1.95	log10.penalty	1.05	2	1524
1.9625	1.9875	1.975 1.05	log10.penalty	1.975	log10.penalty	1.05	2	1564
1.9875	2.0125	2 1.05	log10.penalty	2	log10.penalty	1.05	2	1604
0.9875	1.0125	1 1.075	log10.penalty	1	log10.penalty	1.075	2	4
1.0125	1.0375	1.025 1.075	log10.penalty	1.025	log10.penalty	1.075	2	44
1.0375	1.0625	1.05 1.075	log10.penalty	1.05	log10.penalty	1.075	2	84
1.0625	1.0875	1	log10.penalty	1.075	log10.penalty	1.075	2	1
1.0875	1.1125	1.1 1.075	log10.penalty	1.1	log10.penalty	1.075	2	165
1.1125	1.1375	1.125 1.075	log10.penalty	1.125	log10.penalty	1.075	2	205
1.1375	1.1625	1.15 1.075	log10.penalty	1.15	log10.penalty	1.075	2	245
1.1625	1.1875	1.175 1.075	log10.penalty	1.175	log10.penalty	1.075	2	285
1.1875	1.2125	1.2 1.075	log10.penalty	1.2	log10.penalty	1.075	2	325
1.2125	1.2375	1.225 1.075	log10.penalty	1.225	log10.penalty	1.075	2	365
1.2375	1.2625	1.25 1.075	log10.penalty	1.25	log10.penalty	1.075	2	405
1.2625	1.2875	1.275 1.075	log10.penalty	1.275	log10.penalty	1.075	2	445
1.2875	1.3125	1.3 1.075	log10.penalty	1.3	log10.penalty	1.075	2	485
1.3125	1.3375	1.325 1.075	log10.penalty	1.325	log10.penalty	1.075	2	525
1.3375	1.3625	1.35 1.075	log10.penalty	1.35	log10.penalty	1.075	2	565
1.3625	1.3875	1.375 1.075	log10.penalty	1.375	log10.penalty	1.075	2	605
1.3875	1.4125	1.4 1.075	log10.penalty	1.4	log10.penalty	1.075	2	645
1.4125	1.4375	1.425 1.075	log10.penalty	1.425	log10.penalty	1.075	2	685
1.4375	1.4625	1.45 1.075	log10.penalty	1.45	log10.penalty	1.075	2	725
1.4625	1.4875	1.475 1.075	log10.penalty	1.475	log10.penalty	1.075	2	765
1.4875	1.5125	1.5 1.075	log10.penalty	1.5	log10.penalty	1.075	2	805
1.5125	1.5375	1.525 1.075	log10.penalty	1.525	log10.penalty	1.075	2	845
1.5375	1.5625	1.55 1.075	log10.penalty	1.55	log10.penalty	1.075	2	885
1.5625	1.5875	1.575 1.075	log10.penalty	1.575	log10.penalty	1.075	2	925
1.5875	1.6125	1.6 1.075	log10.penalty	1.6	log10.penalty	1.075	2	965
1.6125	1.6375	1.625 1.075	log10.penalty	1.625	log10.penalty	1.075	2	1005
1.6375	1.6625	1.65 1.075	log10.penalty	1.65	log10.penalty	1.075	2	1045
1.6625	1.6875	1.675 1.075	log10.penalty	1.675	log10.penalty	1.075	2	1085
1.6875	1.7125	1.7 1.075	log10.penalty	1.7	log10.penalty	1.075	2	1125
1.7125	1.7375	1.725 1.075	log10.penalty	1.725	log10.penalty	1.075	2	1165
1.7375	1.7625	1.75 1.075	log10.penalty	1.75	log10.penalty	1.075	2	1205
1.7625	1.7875	1.775 1.075	log10.penalty	1.775	log10.penalty	1.075	2	1245
1.7875	1.8125	1.8 1.075	log10.penalty	1.8	log10.penalty	1.075	2	1285
1.8125	1.8375	1.825 1.075	log10.penalty	1.825	log10.penalty	1.075	2	1325
1.8375	1.8625	1.85 1.075	log10.penalty	1.85	log10.penalty	1.075	2	1365
1.8625	1.8875	1.875 1.075	log10.penalty	1.875	log10.penalty	1.075	2	1405
1.8875	1.9125	1.9 1.075	log10.penalty	1.9	log10.penalty	1.075	2	1445
1.9125	1.9375	1.925 1.075	log10.penalty	1.925	log10.penalty	1.075	2	1485
1.9375	1.9625	1.95 1.075	log10.penalty	1.95	log10.penalty	1.075	2	1525
1.9625	1.9875	1.975 1.075	log10.penalty	1.975	log10.penalty	1.075	2	1565
1.9875	2.0125	2 1.075	log10.penalty	2	log10.penalty	1.075	2	1605
0.9875	1.0125	1 1.1	log10.penalty	1	log10.penalty	1.1	2	5
1.0125	1.0375	1.025 1.1	log10.penalty	1.025	log10.penalty	1.1	2	45
1.0375	1.0625	1.05 1.1	log10.penalty	1.05	log10.penalty	1.1	2	85
1.0625	1.0875	1.075 1.1	log10.penalty	1.075	log10.penalty	1.1	2	125
1.0875	1.1125	1	log10.penalty	1.1	log10.penalty	1.1	2	1
1.1125	1.1375	1.125 1.1	log10.penalty	1.125	log10.penalty	1.1	2	206
1.1375	1.1625	1.15 1.1	log10.penalty	1.15	log10.penalty	1.1	2	246
1.1625	1.1875	1.175 1.1	log10.penalty	1.175	log10.penalty	1.1	2	286
1.1875	1.2125	1.2 1.1	log10.penalty	1.2	log10.penalty	1.1	2	326
1.2125	1.2375	1.225 1.1	log10.penalty	1.225	log10.penalty	1.1	2	366
1.2375	1.2625	1.25 1.1	log10.penalty	1.25	log10.penalty	1.1	2	406
1.2625	1.2875	1.275 1.1	log10.penalty	1.275	log10.penalty	1.1	2	446
1.2875	1.3125	1.3 1.1	log10.penalty	1.3	log10.penalty	1.1	2	486
1.3125	1.3375	1.325 1.1	log10.penalty	1.325	log10.penalty	1.1	2	526
1.3375	1.3625	1.35 1.1	log10.penalty	1.35	log10.penalty	1.1	2	566
1.3625	1.3875	1.375 1.1	log10.penalty	1.375	log10.penalty	1.1	2	606
1.3875	1.4125	1.4 1.1	log10.penalty	1.4	log10.penalty	1.1	2	646
1.4125	1.4375	1.425 1.1	log10.penalty	1.425	log10.penalty	1.1	2	686
1.4375	1.4625	1.45 1.1	log10.penalty	1.45	log10.penalty	1.1	2	726
1.4625	1.4875	1.475 1.1	log10.penalty	1.475	log10.penalty	1.1	2	766
1.4875	1.5125	1.5 1.1	log10.penalty	1.5	log10.penalty	1.1	2	806
1.5125	1.5375	1.525 1.1	log10.penalty	1.525	log10.penalty	1.1	2	846
1.5375	1.5625	1.55 1.1	log10.penalty	1.55	log10.penalty	1.1	2	886
1.5625	1.5875	1.575 1.1	log10.penalty	1.575	log10.penalty	1.1	2	926
1.5875	1.6125	1.6 1.1	log10.penalty	1.6	log10.penalty	1.1	2	966
1.6125	1.6375	1.625 1.1	log10.penalty	1.625	log10.penalty	1.1	2	1006
1.6375	1.6625	1.65 1.1	log10.penalty	1.65	log10.penalty	1.1	2	1046
1.6625	1.6875	1.675 1.1	log10.penalty	1.675	log10.penalty	1.1	2	1086
1.6875	1.7125	1.7 1.1	log10.penalty	1.7	log10.penalty	1.1	2	1126
1.7125	1.7375	1.725 1.1	log10.penalty	1.725	log10.penalty	1.1	2	1166
1.7375	1.7625	1.75 1.1	log10.penalty	1.75	log10.penalty	1.1	2	1206
1.7625	1.7875	1.775 1.1	log10.penalty	1.775	log10.penalty	1.1	2	1246
1.7875	1.8125	1.8 1.1	log10.penalty	1.8	log10.penalty	1.1	2	1286
1.8125	1.8375	1.825 1.1	log10.penalty	1.825	log10.penalty	1.1	2	1326
1.8375	1.8625	1.85 1.1	log10.penalty	1.85	log10.penalty	1.1	2	1366
1.8625	1.8875	1.875 1.1	log10.penalty	1.875	log10.penalty	1.1	2	1406
1.8875	1.9125	1.9 1.1	log10.penalty	1.9	log10.penalty	1.1	2	1446
1.9125	1.9375	1.925 1.1	log10.penalty	1.925	log10.penalty	1.1	2	1486
1.9375	1.9625	1.95 1.1	log10.penalty	1.95	log10.penalty	1.1	2	1526
1.9625	1.9875	1.975 1.1	log10.penalty	1.975	log10.penalty	1.1	2	1566
1.9875	2.0125	2 1.1	log10.penalty	2	log10.penalty	1.1	2	1606
0.9875	1.0125	1 1.125	log10.penalty	1	log10.penalty	1.125	2	6
1.0125	1.0375	1.025 1.125	log10.penalty	1.025	log10.penalty	1.125	2	46
1.0375	1.0625	1.05 1.125	log10.penalty	1.05	log10.penalty	1.125	2	86
1.0625	1.0875	1.075 1.125	log10.penalty	1.075	log10.penalty	1.125	2	126
1.0875	1.1125	1.1 1.125	log10.penalty	1.1	log10.penalty	1.125	2	166
1.1125	1.1375	1	log10.penalty	1.125	log10.penalty	1.125	2	1
1.1375	1.1625	1.15 1.125	log10.penalty	1.15	log10.penalty	1.125	2	247
1.1625	1.1875	1.175 1.125	log10.penalty	1.175	log10.penalty	1.125	2	287
1.1875	1.2125	1.2 1.125	log10.penalty	1.2	log10.penalty	1.125	2	327
1.2125	1.2375	1.225 1.125	log10.penalty	1.225	log10.penalty	1.125	2	367
1.2375	1.2625	1.25 1.125	log10.penalty	1.25	log10.penalty	1.125	2	407
1.2625	1.2875	1.275 1.125	log10.penalty	1.275	log10.penalty	1.125	2	447
1.2875	1.3125	1.3 1.125	log10.penalty	1.3	log10.penalty	1.125	2	487
1.3125	1.3375	1.325 1.125	log10.penalty	1.325	log10.penalty	1.125	2	527
1.3375	1.3625	1.35 1.125	log10.penalty	1.35	log10.penalty	1.125	2	567
1.3625	1.3875	1.375 1.125	log10.penalty	1.375	log10.penalty	1.125	2	607
1.3875	1.4125	1.4 1.125	log10.penalty	1.4	log10.penalty	1.125	2	647
1.4125	1.4375	1.425 1.125	log10.penalty	1.425	log10.penalty	1.125	2	687
1.4375	1.4625	1.45 1.125	log10.penalty	1.45	log10.penalty	1.125	2	727
1.4625	1.4875	1.475 1.125	log10.penalty	1.475	log10.penalty	1.125	2	767
1.4875	1.5125	1.5 1.125	log10.penalty	1.5	log10.penalty	1.125	2	807
1.5125	1.5375	1.525 1.125	log10.penalty	1.525	log10.penalty	1.125	2	847
1.5375	1.5625	1.55 1.125	log10.penalty	1.55	log10.penalty	1.125	2	887
1.5625	1.5875	1.575 1.125	log10.penalty	1.575	log10.penalty	1.125	2	927
1.5875	1.6125	1.6 1.125	log10.penalty	1.6	log10.penalty	1.125	2	967
1.6125	1.6375	1.625 1.125	log10.penalty	1.625	log10.penalty	1.125	2	1007
1.6375	1.6625	1.65 1.125	log10.penalty	1.65	log10.penalty	1.125	2	1047
1.6625	1.6875	1.675 1.125	log10.penalty	1.675	log10.penalty	1.125	2	1087
1.6875	1.7125	1.7 1.125	log10.penalty	1.7	log10.penalty	1.125	2	1127
1.7125	1.7375	1.725 1.125	log10.penalty	1.725	log10.penalty	1.125	2	1167
1.7375	1.7625	1.75 1.125	log10.penalty	1.75	log10.penalty	1.125	2	1207
1.7625	1.7875	1.775 1.125	log10.penalty	1.775	log10.penalty	1.125	2	1247
1.7875	1.8125	1.8 1.125	log10.penalty	1.8	log10.penalty	1.125	2	1287
1.8125	1.8375	1.825 1.125	log10.penalty	1.825	log10.penalty	1.125	2	1327
1.8375	1.8625	1.85 1.125	log10.penalty	1.85	log10.penalty	1.125	2	1367
1.8625	1.8875	1.875 1.125	log10.penalty	1.875	log10.penalty	1.125	2	1407
1.8875	1.9125	1.9 1.125	log10.penalty	1.9	log10.penalty	1.125	2	1447
1.9125	1.9375	1.925 1.125	log10.penalty	1.925	log10.penalty	1.125	2	1487
1.9375	1.9625	1.95 1.125	log10.penalty	1.95	log10.penalty	1.125	2	1527
1.9625	1.9875	1.975 1.125	log10.penalty	1.975	log10.penalty	1.125	2	1567
1.9875	2.0125	2 1.125	log10.penalty	2	log10.penalty	1.125	2	1607
0.9875	1.0125	1 1.15	log10.penalty	1	log10.penalty	1.15	2	7
1.0125	1.0375	1.025 1.15	log10.penalty	1.025	log10.penalty	1.15	2	47
1.0375	1.0625	1.05 1.15	log10.penalty	1.05	log10.penalty	1.15	2	87
1.0625	1.0875	1.075 1.15	log10.penalty	1.075	log10.penalty	1.15	2	127
1.0875	1.1125	1.1 1.15	log10.penalty	1.1	log10.penalty	1.15	2	167
1.1125	1.1375	1.125 1.15	log10.penalty	1.125	log10.penalty	1.15	2	207
1.1375	1.1625	1	log10.penalty	1.15	log10.penalty	1.15	2	1
1.1625	1.1875	1.175 1.15	log10.penalty	1.175	log10.penalty	1.15	2	288
1.1875	1.2125	1.2 1.15	log10.penalty	1.2	log10.penalty	1.15	2	328
1.2125	1.2375	1.225 1.15	log10.penalty	1.225	log10.penalty	1.15	2	368
1.2375	1.2625	1.25 1.15	log10.penalty	1.25	log10.penalty	1.15	2	408
1.2625	1.2875	1.275 1.15	log10.penalty	1.275	log10.penalty	1.15	2	448
1.2875	1.3125	1.3 1.15	log10.penalty	1.3	log10.penalty	1.15	2	488
1.3125	1.3375	1.325 1.15	log10.penalty	1.325	log10.penalty	1.15	2	528
1.3375	1.3625	1.35 1.15	log10.penalty	1.35	log10.penalty	1.15	2	568
1.3625	1.3875	1.375 1.15	log10.penalty	1.375	log10.penalty	1.15	2	608
1.3875	1.4125	1.4 1.15	log10.penalty	1.4	log10.penalty	1.15	2	648
1.4125	1.4375	1.425 1.15	log10.penalty	1.425	log10.penalty	1.15	2	688
1.4375	1.4625	1.45 1.15	log10.penalty	1.45	log10.penalty	1.15	2	728
1.4625	1.4875	1.475 1.15	log10.penalty	1.475	log10.penalty	1.15	2	768
1.4875	1.5125	1.5 1.15	log10.penalty	1.5	log10.penalty	1.15	2	808
1.5125	1.5375	1.525 1.15	log10.penalty	1.525	log10.penalty	1.15	2	848
1.5375	1.5625	1.55 1.15	log10.penalty	1.55	log10.penalty	1.15	2	888
1.5625	1.5875	1.575 1.15	log10.penalty	1.575	log10.penalty	1.15	2	928
1.5875	1.6125	1.6 1.15	log10.penalty	1.6	log10.penalty	1.15	2	968
1.6125	1.6375	1.625 1.15	log10.penalty	1.625	log10.penalty	1.15	2	1008
1.6375	1.6625	1.65 1.15	log10.penalty	1.65	log10.penalty	1.15	2	1048
1.6625	1.6875	1.675 1.15	log10.penalty	1.675	log10.penalty	1.15	2	1088
1.6875	1.7125	1.7 1.15	log10.penalty	1.7	log10.penalty	1.15	2	1128
1.7125	1.7375	1.725 1.15	log10.penalty	1.725	log10.penalty	1.15	2	1168
1.7375	1.7625	1.75 1.15	log10.penalty	1.75	log10.penalty	1.15	2	1208
1.7625	1.7875	1.775 1.15	log10.penalty	1.775	log10.penalty	1.15	2	1248
1.7875	1.8125	1.8 1.15	log10.penalty	1.8	log10.penalty	1.15	2	1288
1.8125	1.8375	1.825 1.15	log10.penalty	1.825	log10.penalty	1.15	2	1328
1.8375	1.8625	1.85 1.15	log10.penalty	1.85	log10.penalty	1.15	2	1368
1.8625	1.8875	1.875 1.15	log10.penalty	1.875	log10.penalty	1.15	2	1408
1.8875	1.9125	1.9 1.15	log10.penalty	1.9	log10.penalty	1.15	2	1448
1.9125	1.9375	1.925 1.15	log10.penalty	1.925	log10.penalty	1.15	2	1488
1.9375	1.9625	1.95 1.15	log10.penalty	1.95	log10.penalty	1.15	2	1528
1.9625	1.9875	1.975 1.15	log10.penalty	1.975	log10.penalty	1.15	2	1568
1.9875	2.0125	2 1.15	log10.penalty	2	log10.penalty	1.15	2	1608
0.9875	1.0125	1 1.175	log10.penalty	1	log10.penalty	1.175	2	8
1.0125	1.0375	1.025 1.175	log10.penalty	1.025	log10.penalty	1.175	2	48
1.0375	1.0625	1.05 1.175	log10.penalty	1.05	log10.penalty	1.175	2	88
1.0625	1.0875	1.075 1.175	log10.penalty	1.075	log10.penalty	1.175	2	128
1.0875	1.1125	1.1 1.175	log10.penalty	1.1	log10.penalty	1.175	2	168
1.1125	1.1375	1.125 1.175	log10.penalty	1.125	log10.penalty	1.175	2	208
1.1375	1.1625	1.15 1.175	log10.penalty	1.15	log10.penalty	1.175	2	248
1.1625	1.1875	1	log10.penalty	1.175	log10.penalty	1.175	2	1
1.1875	1.2125	1.2 1.175	log10.penalty	1.2	log10.penalty	1.175	2	329
1.2125	1.2375	1.225 1.175	log10.penalty	1.225	log10.penalty	1.175	2	369
1.2375	1.2625	1.25 1.175	log10.penalty	1.25	log10.penalty	1.175	2	409
1.2625	1.2875	1.275 1.175	log10.penalty	1.275	log10.penalty	1.175	2	449
1.2875	1.3125	1.3 1.175	log10.penalty	1.3	log10.penalty	1.175	2	489
1.3125	1.3375	1.325 1.175	log10.penalty	1.325	log10.penalty	1.175	2	529
1.3375	1.3625	1.35 1.175	log10.penalty	1.35	log10.penalty	1.175	2	569
1.3625	1.3875	1.375 1.175	log10.penalty	1.375	log10.penalty	1.175	2	609
1.3875	1.4125	1.4 1.175	log10.penalty	1.4	log10.penalty	1.175	2	649
1.4125	1.4375	1.425 1.175	log10.penalty	1.425	log10.penalty	1.175	2	689
1.4375	1.4625	1.45 1.175	log10.penalty	1.45	log10.penalty	1.175	2	729
1.4625	1.4875	1.475 1.175	log10.penalty	1.475	log10.penalty	1.175	2	769
1.4875	1.5125	1.5 1.175	log10.penalty	1.5	log10.penalty	1.175	2	809
1.5125	1.5375	1.525 1.175	log10.penalty	1.525	log10.penalty	1.175	2	849
1.5375	1.5625	1.55 1.175	log10.penalty	1.55	log10.penalty	1.175	2	889
1.5625	1.5875	1.575 1.175	log10.penalty	1.575	log10.penalty	1.175	2	929
1.5875	1.6125	1.6 1.175	log10.penalty	1.6	log10.penalty	1.175	2	969
1.6125	1.6375	1.625 1.175	log10.penalty	1.625	log10.penalty	1.175	2	1009
1.6375	1.6625	1.65 1.175	log10.penalty	1.65	log10.penalty	1.175	2	1049
1.6625	1.6875	1.675 1.175	log10.penalty	1.675	log10.penalty	1.175	2	1089
1.6875	1.7125	1.7 1.175	log10.penalty	1.7	log10.penalty	1.175	2	1129
1.7125	1.7375	1.725 1.175	log10.penalty	1.725	log10.penalty	1.175	2	1169
1.7375	1.7625	1.75 1.175	log10.penalty	1.75	log10.penalty	1.175	2	1209
1.7625	1.7875	1.775 1.175	log10.penalty	1.775	log10.penalty	1.175	2	1249
1.7875	1.8125	1.8 1.175	log10.penalty	1.8	log10.penalty	1.175	2	1289
1.8125	1.8375	1.825 1.175	log10.penalty	1.825	log10.penalty	1.175	2	1329
1.8375	1.8625	1.85 1.175	log10.penalty	1.85	log10.penalty	1.175	2	1369
1.8625	1.8875	1.875 1.175	log10.penalty	1.875	log10.penalty	1.175	2	1409
1.8875	1.9125	1.9 1.175	log10.penalty	1.9	log10.penalty	1.175	2	1449
1.9125	1.9375	1.925 1.175	log10.penalty	1.925	log10.penalty	1.175	2	1489
1.9375	1.9625	1.95 1.175	log10.penalty	1.95	log10.penalty	1.175	2	1529
1.9625	1.9875	1.975 1.175	log10.penalty	1.975	log10.penalty	1.175	2	1569
1.9875	2.0125	2 1.175	log10.penalty	2	log10.penalty	1.175	2	1609
0.9875	1.0125	1 1.2	log10.penalty	1	log10.penalty	1.2	2	9
1.0125	1.0375	1.025 1.2	log10.penalty	1.025	log10.penalty	1.2	2	49
1.0375	1.0625	1.05 1.2	log10.penalty	1.05	log10.penalty	1.2	2	89
1.0625	1.0875	1.075 1.2	log10.penalty	1.075	log10.penalty	1.2	2	129
1.0875	1.1125	1.1 1.2	log10.penalty	1.1	log10.penalty	1.2	2	169
1.1125	1.1375	1.125 1.2	log10.penalty	1.125	log10.penalty	1.2	2	209
1.1375	1.1625	1.15 1.2	log10.penalty	1.15	log10.penalty	1.2	2	249
1.1625	1.1875	1.175 1.2	log10.penalty	1.175	log10.penalty	1.2	2	289
1.1875	1.2125	1	log10.penalty	1.2	log10.penalty	1.2	2	1
1.2125	1.2375	1.225 1.2	log10.penalty	1.225	log10.penalty	1.2	2	370
1.2375	1.2625	1.25 1.2	log10.penalty	1.25	log10.penalty	1.2	2	410
1.2625	1.2875	1.275 1.2	log10.penalty	1.275	log10.penalty	1.2	2	450
1.2875	1.3125	1.3 1.2	log10.penalty	1.3	log10.penalty	1.2	2	490
1.3125	1.3375	1.325 1.2	log10.penalty	1.325	log10.penalty	1.2	2	530
1.3375	1.3625	1.35 1.2	log10.penalty	1.35	log10.penalty	1.2	2	570
1.3625	1.3875	1.375 1.2	log10.penalty	1.375	log10.penalty	1.2	2	610
1.3875	1.4125	1.4 1.2	log10.penalty	1.4	log10.penalty	1.2	2	650
1.4125	1.4375	1.425 1.2	log10.penalty	1.425	log10.penalty	1.2	2	690
1.4375	1.4625	1.45 1.2	log10.penalty	1.45	log10.penalty	1.2	2	730
1.4625	1.4875	1.475 1.2	log10.penalty	1.475	log10.penalty	1.2	2	770
1.4875	1.5125	1.5 1.2	log10.penalty	1.5	log10.penalty	1.2	2	810
1.5125	1.5375	1.525 1.2	log10.penalty	1.525	log10.penalty	1.2	2	850
1.5375	1.5625	1.55 1.2	log10.penalty	1.55	log10.penalty	1.2	2	890
1.5625	1.5875	1.575 1.2	log10.penalty	1.575	log10.penalty	1.2	2	930
1.5875	1.6125	1.6 1.2	log10.penalty	1.6	log10.penalty	1.2	2	970
1.6125	1.6375	1.625 1.2	log10.penalty	1.625	log10.penalty	1.2	2	1010
1.6375	1.6625	1.65 1.2	log10.penalty	1.65	log10.penalty	1.2	2	1050
1.6625	1.6875	1.675 1.2	log10.penalty	1.675	log10.penalty	1.2	2	1090
1.6875	1.7125	1.7 1.2	log10.penalty	1.7	log10.penalty	1.2	2	1130
1.7125	1.7375	1.725 1.2	log10.penalty	1.725	log10.penalty	1.2	2	1170
1.7375	1.7625	1.75 1.2	log10.penalty	1.75	log10.penalty	1.2	2	1210
1.7625	1.7875	1.775 1.2	log10.penalty	1.775	log10.penalty	1.2	2	1250
1.7875	1.8125	1.8 1.2	log10.penalty	1.8	log10.penalty	1.2	2	1290
1.8125	1.8375	1.825 1.2	log10.penalty	1.825	log10.penalty	1.2	2	1330
1.8375	1.8625	1.85 1.2	log10.penalty	1.85	log10.penalty	1.2	2	1370
1.8625	1.8875	1.875 1.2	log10.penalty	1.875	log10.penalty	1.2	2	1410
1.8875	1.9125	1.9 1.2	log10.penalty	1.9	log10.penalty	1.2	2	1450
1.9125	1.9375	1.925 1.2	log10.penalty	1.925	log10.penalty	1.2	2	1490
1.9375	1.9625	1.95 1.2	log10.penalty	1.95	log10.penalty	1.2	2	1530
1.9625	1.9875	1.975 1.2	log10.penalty	1.975	log10.penalty	1.2	2	1570
1.9875	2.0125	2 1.2	log10.penalty	2	log10.penalty	1.2	2	1610
0.9875	1.0125	1 1.225	log10.penalty	1	log10.penalty	1.225	2	10
1.0125	1.0375	1.025 1.225	log10.penalty	1.025	log10.penalty	1.225	2	50
1.0375	1.0625	1.05 1.225	log10.penalty	1.05	log10.penalty	1.225	2	90
1.0625	1.0875	1.075 1.225	log10.penalty	1.075	log10.penalty	1.225	2	130
1.0875	1.1125	1.1 1.225	log10.penalty	1.1	log10.penalty	1.225	2	170
1.1125	1.1375	1.125 1.225	log10.penalty	1.125	log10.penalty	1.225	2	210
1.1375	1.1625	1.15 1.225	log10.penalty	1.15	log10.penalty	1.225	2	250
1.1625	1.1875	1.175 1.225	log10.penalty	1.175	log10.penalty	1.225	2	290
1.1875	1.2125	1.2 1.225	log10.penalty	1.2	log10.penalty	1.225	2	330
1.2125	1.2375	1	log10.penalty	1.225	log10.penalty	1.225	2	1
1.2375	1.2625	1.25 1.225	log10.penalty	1.25	log10.penalty	1.225	2	411
1.2625	1.2875	1.275 1.225	log10.penalty	1.275	log10.penalty	1.225	2	451
1.2875	1.3125	1.3 1.225	log10.penalty	1.3	log10.penalty	1.225	2	491
1.3125	1.3375	1.325 1.225	log10.penalty	1.325	log10.penalty	1.225	2	531
1.3375	1.3625	1.35 1.225	log10.penalty	1.35	log10.penalty	1.225	2	571
1.3625	1.3875	1.375 1.225	log10.penalty	1.375	log10.penalty	1.225	2	611
1.3875	1.4125	1.4 1.225	log10.penalty	1.4	log10.penalty	1.225	2	651
1.4125	1.4375	1.425 1.225	log10.penalty	1.425	log10.penalty	1.225	2	691
1.4375	1.4625	1.45 1.225	log10.penalty	1.45	log10.penalty	1.225	2	731
1.4625	1.4875	1.475 1.225	log10.penalty	1.475	log10.penalty	1.225	2	771
1.4875	1.5125	1.5 1.225	log10.penalty	1.5	log10.penalty	1.225	2	811
1.5125	1.5375	1.525 1.225	log10.penalty	1.525	log10.penalty	1.225	2	851
1.5375	1.5625	1.55 1.225	log10.penalty	1.55	log10.penalty	1.225	2	891
1.5625	1.5875	1.575 1.225	log10.penalty	1.575	log10.penalty	1.225	2	931
1.5875	1.6125	1.6 1.225	log10.penalty	1.6	log10.penalty	1.225	2	971
1.6125	1.6375	1.625 1.225	log10.penalty	1.625	log10.penalty	1.225	2	1011
1.6375	1.6625	1.65 1.225	log10.penalty	1.65	log10.penalty	1.225	2	1051
1.6625	1.6875	1.675 1.225	log10.penalty	1.675	log10.penalty	1.225	2	1091
1.6875	1.7125	1.7 1.225	log10.penalty	1.7	log10.penalty	1.225	2	1131
1.7125	1.7375	1.725 1.225	log10.penalty	1.725	log10.penalty	1.225	2	1171
1.7375	1.7625	1.75 1.225	log10.penalty	1.75	log10.penalty	1.225	2	1211
1.7625	1.7875	1.775 1.225	log10.penalty	1.775	log10.penalty	1.225	2	1251
1.7875	1.8125	1.8 1.225	log10.penalty	1.8	log10.penalty	1.225	2	1291
1.8125	1.8375	1.825 1.225	log10.penalty	1.825	log10.penalty	1.225	2	1331
1.8375	1.8625	1.85 1.225	log10.penalty	1.85	log10.penalty	1.225	2	1371
1.8625	1.8875	1.875 1.225	log10.penalty	1.875	log10.penalty	1.225	2	1411
1.8875	1.9125	1.9 1.225	log10.penalty	1.9	log10.penalty	1.225	2	1451
1.9125	1.9375	1.925 1.225	log10.penalty	1.925	log10.penalty	1.225	2	1491
1.9375	1.9625	1.95 1.225	log10.penalty	1.95	log10.penalty	1.225	2	1531
1.9625	1.9875	1.975 1.225	log10.penalty	1.975	log10.penalty	1.225	2	1571
1.9875	2.0125	2 1.225	log10.penalty	2	log10.penalty	1.225	2	1611
0.9875	1.0125	1 1.25	log10.penalty	1	log10.penalty	1.25	2	11
1.0125	1.0375	1.025 1.25	log10.penalty	1.025	log10.penalty	1.25	2	51
1.0375	1.0625	1.05 1.25	log10.penalty	1.05	log10.penalty	1.25	2	91
1.0625	1.0875	1.075 1.25	log10.penalty	1.075	log10.penalty	1.25	2	131
1.0875	1.1125	1.1 1.25	log10.penalty	1.1	log10.penalty	1.25	2	171
1.1125	1.1375	1.125 1.25	log10.penalty	1.125	log10.penalty	1.25	2	211
1.1375	1.1625	1.15 1.25	log10.penalty	1.15	log10.penalty	1.25	2	251
1.1625	1.1875	1.175 1.25	log10.penalty	1.175	log10.penalty	1.25	2	291
1.1875	1.2125	1.2 1.25	log10.penalty	1.2	log10.penalty	1.25	2	331
1.2125	1.2375	1.225 1.25	log10.penalty	1.225	log10.penalty	1.25	2	371
1.2375	1.2625	1	log10.penalty	1.25	log10.penalty	1.25	2	1
1.2625	1.2875	1.275 1.25	log10.penalty	1.275	log10.penalty	1.25	2	452
1.2875	1.3125	1.3 1.25	log10.penalty	1.3	log10.penalty	1.25	2	492
1.3125	1.3375	1.325 1.25	log10.penalty	1.325	log10.penalty	1.25	2	532
1.3375	1.3625	1.35 1.25	log10.penalty	1.35	log10.penalty	1.25	2	572
1.3625	1.3875	1.375 1.25	log10.penalty	1.375	log10.penalty	1.25	2	612
1.3875	1.4125	1.4 1.25	log10.penalty	1.4	log10.penalty	1.25	2	652
1.4125	1.4375	1.425 1.25	log10.penalty	1.425	log10.penalty	1.25	2	692
1.4375	1.4625	1.45 1.25	log10.penalty	1.45	log10.penalty	1.25	2	732
1.4625	1.4875	1.475 1.25	log10.penalty	1.475	log10.penalty	1.25	2	772
1.4875	1.5125	1.5 1.25	log10.penalty	1.5	log10.penalty	1.25	2	812
1.5125	1.5375	1.525 1.25	log10.penalty	1.525	log10.penalty	1.25	2	852
1.5375	1.5625	1.55 1.25	log10.penalty	1.55	log10.penalty	1.25	2	892
1.5625	1.5875	1.575 1.25	log10.penalty	1.575	log10.penalty	1.25	2	932
1.5875	1.6125	1.6 1.25	log10.penalty	1.6	log10.penalty	1.25	2	972
1.6125	1.6375	1.625 1.25	log10.penalty	1.625	log10.penalty	1.25	2	1012
1.6375	1.6625	1.65 1.25	log10.penalty	1.65	log10.penalty	1.25	2	1052
1.6625	1.6875	1.675 1.25	log10.penalty	1.675	log10.penalty	1.25	2	1092
1.6875	1.7125	1.7 1.25	log10.penalty	1.7	log10.penalty	1.25	2	1132
1.7125	1.7375	1.725 1.25	log10.penalty	1.725	log10.penalty	1.25	2	1172
1.7375	1.7625	1.75 1.25	log10.penalty	1.75	log10.penalty	1.25	2	1212
1.7625	1.7875	1.775 1.25	log10.penalty	1.775	log10.penalty	1.25	2	1252
1.7875	1.8125	1.8 1.25	log10.penalty	1.8	log10.penalty	1.25	2	1292
1.8125	1.8375	1.825 1.25	log10.penalty	1.825	log10.penalty	1.25	2	1332
1.8375	1.8625	1.85 1.25	log10.penalty	1.85	log10.penalty	1.25	2	1372
1.8625	1.8875	1.875 1.25	log10.penalty	1.875	log10.penalty	1.25	2	1412
1.8875	1.9125	1.9 1.25	log10.penalty	1.9	log10.penalty	1.25	2	1452
1.9125	1.9375	1.925 1.25	log10.penalty	1.925	log10.penalty	1.25	2	1492
1.9375	1.9625	1.95 1.25	log10.penalty	1.95	log10.penalty	1.25	2	1532
1.9625	1.9875	1.975 1.25	log10.penalty	1.975	log10.penalty	1.25	2	1572
1.9875	2.0125	2 1.25	log10.penalty	2	log10.penalty	1.25	2	1612
0.9875	1.0125	1 1.275	log10.penalty	1	log10.penalty	1.275	2	12
1.0125	1.0375	1.025 1.275	log10.penalty	1.025	log10.penalty	1.275	2	52
1.0375	1.0625	1.05 1.275	log10.penalty	1.05	log10.penalty	1.275	2	92
1.0625	1.0875	1.075 1.275	log10.penalty	1.075	log10.penalty	1.275	2	132
1.0875	1.1125	1.1 1.275	log10.penalty	1.1	log10.penalty	1.275	2	172
1.1125	1.1375	1.125 1.275	log10.penalty	1.125	log10.penalty	1.275	2	212
1.1375	1.1625	1.15 1.275	log10.penalty	1.15	log10.penalty	1.275	2	252
1.1625	1.1875	1.175 1.275	log10.penalty	1.175	log10.penalty	1.275	2	292
1.1875	1.2125	1.2 1.275	log10.penalty	1.2	log10.penalty	1.275	2	332
1.2125	1.2375	1.225 1.275	log10.penalty	1.225	log10.penalty	1.275	2	372
1.2375	1.2625	1.25 1.275	log10.penalty	1.25	log10.penalty	1.275	2	412
1.2625	1.2875	1	log10.penalty	1.275	log10.penalty	1.275	2	1
1.2875	1.3125	1.3 1.275	log10.penalty	1.3	log10.penalty	1.275	2	493
1.3125	1.3375	1.325 1.275	log10.penalty	1.325	log10.penalty	1.275	2	533
1.3375	1.3625	1.35 1.275	log10.penalty	1.35	log10.penalty	1.275	2	573
1.3625	1.3875	1.375 1.275	log10.penalty	1.375	log10.penalty	1.275	2	613
1.3875	1.4125	1.4 1.275	log10.penalty	1.4	log10.penalty	1.275	2	653
1.4125	1.4375	1.425 1.275	log10.penalty	1.425	log10.penalty	1.275	2	693
1.4375	1.4625	1.45 1.275	log10.penalty	1.45	log10.penalty	1.275	2	733
1.4625	1.4875	1.475 1.275	log10.penalty	1.475	log10.penalty	1.275	2	773
1.4875	1.5125	1.5 1.275	log10.penalty	1.5	log10.penalty	1.275	2	813
1.5125	1.5375	1.525 1.275	log10.penalty	1.525	log10.penalty	1.275	2	853
1.5375	1.5625	1.55 1.275	log10.penalty	1.55	log10.penalty	1.275	2	893
1.5625	1.5875	1.575 1.275	log10.penalty	1.575	log10.penalty	1.275	2	933
1.5875	1.6125	1.6 1.275	log10.penalty	1.6	log10.penalty	1.275	2	973
1.6125	1.6375	1.625 1.275	log10.penalty	1.625	log10.penalty	1.275	2	1013
1.6375	1.6625	1.65 1.275	log10.penalty	1.65	log10.penalty	1.275	2	1053
1.6625	1.6875	1.675 1.275	log10.penalty	1.675	log10.penalty	1.275	2	1093
1.6875	1.7125	1.7 1.275	log10.penalty	1.7	log10.penalty	1.275	2	1133
1.7125	1.7375	1.725 1.275	log10.penalty	1.725	log10.penalty	1.275	2	1173
1.7375	1.7625	1.75 1.275	log10.penalty	1.75	log10.penalty	1.275	2	1213
1.7625	1.7875	1.775 1.275	log10.penalty	1.775	log10.penalty	1.275	2	1253
1.7875	1.8125	1.8 1.275	log10.penalty	1.8	log10.penalty	1.275	2	1293
1.8125	1.8375	1.825 1.275	log10.penalty	1.825	log10.penalty	1.275	2	1333
1.8375	1.8625	1.85 1.275	log10.penalty	1.85	log10.penalty	1.275	2	1373
1.8625	1.8875	1.875 1.275	log10.penalty	1.875	log10.penalty	1.275	2	1413
1.8875	1.9125	1.9 1.275	log10.penalty	1.9	log10.penalty	1.275	2	1453
1.9125	1.9375	1.925 1.275	log10.penalty	1.925	log10.penalty	1.275	2	1493
1.9375	1.9625	1.95 1.275	log10.penalty	1.95	log10.penalty	1.275	2	1533
1.9625	1.9875	1.975 1.275	log10.penalty	1.975	log10.penalty	1.275	2	1573
1.9875	2.0125	2 1.275	log10.penalty	2	log10.penalty	1.275	2	1613
0.9875	1.0125	1 1.3	log10.penalty	1	log10.penalty	1.3	2	13
1.0125	1.0375	1.025 1.3	log10.penalty	1.025	log10.penalty	1.3	2	53
1.0375	1.0625	1.05 1.3	log10.penalty	1.05	log10.penalty	1.3	2	93
1.0625	1.0875	1.075 1.3	log10.penalty	1.075	log10.penalty	1.3	2	133
1.0875	1.1125	1.1 1.3	log10.penalty	1.1	log10.penalty	1.3	2	173
1.1125	1.1375	1.125 1.3	log10.penalty	1.125	log10.penalty	1.3	2	213
1.1375	1.1625	1.15 1.3	log10.penalty	1.15	log10.penalty	1.3	2	253
1.1625	1.1875	1.175 1.3	log10.penalty	1.175	log10.penalty	1.3	2	293
1.1875	1.2125	1.2 1.3	log10.penalty	1.2	log10.penalty	1.3	2	333
1.2125	1.2375	1.225 1.3	log10.penalty	1.225	log10.penalty	1.3	2	373
1.2375	1.2625	1.25 1.3	log10.penalty	1.25	log10.penalty	1.3	2	413
1.2625	1.2875	1.275 1.3	log10.penalty	1.275	log10.penalty	1.3	2	453
1.2875	1.3125	1	log10.penalty	1.3	log10.penalty	1.3	2	1
1.3125	1.3375	1.325 1.3	log10.penalty	1.325	log10.penalty	1.3	2	534
1.3375	1.3625	1.35 1.3	log10.penalty	1.35	log10.penalty	1.3	2	574
1.3625	1.3875	1.375 1.3	log10.penalty	1.375	log10.penalty	1.3	2	614
1.3875	1.4125	1.4 1.3	log10.penalty	1.4	log10.penalty	1.3	2	654
1.4125	1.4375	1.425 1.3	log10.penalty	1.425	log10.penalty	1.3	2	694
1.4375	1.4625	1.45 1.3	log10.penalty	1.45	log10.penalty	1.3	2	734
1.4625	1.4875	1.475 1.3	log10.penalty	1.475	log10.penalty	1.3	2	774
1.4875	1.5125	1.5 1.3	log10.penalty	1.5	log10.penalty	1.3	2	814
1.5125	1.5375	1.525 1.3	log10.penalty	1.525	log10.penalty	1.3	2	854
1.5375	1.5625	1.55 1.3	log10.penalty	1.55	log10.penalty	1.3	2	894
1.5625	1.5875	1.575 1.3	log10.penalty	1.575	log10.penalty	1.3	2	934
1.5875	1.6125	1.6 1.3	log10.penalty	1.6	log10.penalty	1.3	2	974
1.6125	1.6375	1.625 1.3	log10.penalty	1.625	log10.penalty	1.3	2	1014
1.6375	1.6625	1.65 1.3	log10.penalty	1.65	log10.penalty	1.3	2	1054
1.6625	1.6875	1.675 1.3	log10.penalty	1.675	log10.penalty	1.3	2	1094
1.6875	1.7125	1.7 1.3	log10.penalty	1.7	log10.penalty	1.3	2	1134
1.7125	1.7375	1.725 1.3	log10.penalty	1.725	log10.penalty	1.3	2	1174
1.7375	1.7625	1.75 1.3	log10.penalty	1.75	log10.penalty	1.3	2	1214
1.7625	1.7875	1.775 1.3	log10.penalty	1.775	log10.penalty	1.3	2	1254
1.7875	1.8125	1.8 1.3	log10.penalty	1.8	log10.penalty	1.3	2	1294
1.8125	1.8375	1.825 1.3	log10.penalty	1.825	log10.penalty	1.3	2	1334
1.8375	1.8625	1.85 1.3	log10.penalty	1.85	log10.penalty	1.3	2	1374
1.8625	1.8875	1.875 1.3	log10.penalty	1.875	log10.penalty	1.3	2	1414
1.8875	1.9125	1.9 1.3	log10.penalty	1.9	log10.penalty	1.3	2	1454
1.9125	1.9375	1.925 1.3	log10.penalty	1.925	log10.penalty	1.3	2	1494
1.9375	1.9625	1.95 1.3	log10.penalty	1.95	log10.penalty	1.3	2	1534
1.9625	1.9875	1.975 1.3	log10.penalty	1.975	log10.penalty	1.3	2	1574
1.9875	2.0125	2 1.3	log10.penalty	2	log10.penalty	1.3	2	1614
0.9875	1.0125	1 1.325	log10.penalty	1	log10.penalty	1.325	2	14
1.0125	1.0375	1.025 1.325	log10.penalty	1.025	log10.penalty	1.325	2	54
1.0375	1.0625	1.05 1.325	log10.penalty	1.05	log10.penalty	1.325	2	94
1.0625	1.0875	1.075 1.325	log10.penalty	1.075	log10.penalty	1.325	2	134
1.0875	1.1125	1.1 1.325	log10.penalty	1.1	log10.penalty	1.325	2	174
1.1125	1.1375	1.125 1.325	log10.penalty	1.125	log10.penalty	1.325	2	214
1.1375	1.1625	1.15 1.325	log10.penalty	1.15	log10.penalty	1.325	2	254
1.1625	1.1875	1.175 1.325	log10.penalty	1.175	log10.penalty	1.325	2	294
1.1875	1.2125	1.2 1.325	log10.penalty	1.2	log10.penalty	1.325	2	334
1.2125	1.2375	1.225 1.325	log10.penalty	1.225	log10.penalty	1.325	2	374
1.2375	1.2625	1.25 1.325	log10.penalty	1.25	log10.penalty	1.325	2	414
1.2625	1.2875	1.275 1.325	log10.penalty	1.275	log10.penalty	1.325	2	454
1.2875	1.3125	1.3 1.325	log10.penalty	1.3	log10.penalty	1.325	2	494
1.3125	1.3375	1	log10.penalty	1.325	log10.penalty	1.325	2	1
1.3375	1.3625	1.35 1.325	log10.penalty	1.35	log10.penalty	1.325	2	575
1.3625	1.3875	1.375 1.325	log10.penalty	1.375	log10.penalty	1.325	2	615
1.3875	1.4125	1.4 1.325	log10.penalty	1.4	log10.penalty	1.325	2	655
1.4125	1.4375	1.425 1.325	log10.penalty	1.425	log10.penalty	1.325	2	695
1.4375	1.4625	1.45 1.325	log10.penalty	1.45	log10.penalty	1.325	2	735
1.4625	1.4875	1.475 1.325	log10.penalty	1.475	log10.penalty	1.325	2	775
1.4875	1.5125	1.5 1.325	log10.penalty	1.5	log10.penalty	1.325	2	815
1.5125	1.5375	1.525 1.325	log10.penalty	1.525	log10.penalty	1.325	2	855
1.5375	1.5625	1.55 1.325	log10.penalty	1.55	log10.penalty	1.325	2	895
1.5625	1.5875	1.575 1.325	log10.penalty	1.575	log10.penalty	1.325	2	935
1.5875	1.6125	1.6 1.325	log10.penalty	1.6	log10.penalty	1.325	2	975
1.6125	1.6375	1.625 1.325	log10.penalty	1.625	log10.penalty	1.325	2	1015
1.6375	1.6625	1.65 1.325	log10.penalty	1.65	log10.penalty	1.325	2	1055
1.6625	1.6875	1.675 1.325	log10.penalty	1.675	log10.penalty	1.325	2	1095
1.6875	1.7125	1.7 1.325	log10.penalty	1.7	log10.penalty	1.325	2	1135
1.7125	1.7375	1.725 1.325	log10.penalty	1.725	log10.penalty	1.325	2	1175
1.7375	1.7625	1.75 1.325	log10.penalty	1.75	log10.penalty	1.325	2	1215
1.7625	1.7875	1.775 1.325	log10.penalty	1.775	log10.penalty	1.325	2	1255
1.7875	1.8125	1.8 1.325	log10.penalty	1.8	log10.penalty	1.325	2	1295
1.8125	1.8375	1.825 1.325	log10.penalty	1.825	log10.penalty	1.325	2	1335
1.8375	1.8625	1.85 1.325	log10.penalty	1.85	log10.penalty	1.325	2	1375
1.8625	1.8875	1.875 1.325	log10.penalty	1.875	log10.penalty	1.325	2	1415
1.8875	1.9125	1.9 1.325	log10.penalty	1.9	log10.penalty	1.325	2	1455
1.9125	1.9375	1.925 1.325	log10.penalty	1.925	log10.penalty	1.325	2	1495
1.9375	1.9625	1.95 1.325	log10.penalty	1.95	log10.penalty	1.325	2	1535
1.9625	1.9875	1.975 1.325	log10.penalty	1.975	log10.penalty	1.325	2	1575
1.9875	2.0125	2 1.325	log10.penalty	2	log10.penalty	1.325	2	1615
0.9875	1.0125	1 1.35	log10.penalty	1	log10.penalty	1.35	2	15
1.0125	1.0375	1.025 1.35	log10.penalty	1.025	log10.penalty	1.35	2	55
1.0375	1.0625	1.05 1.35	log10.penalty	1.05	log10.penalty	1.35	2	95
1.0625	1.0875	1.075 1.35	log10.penalty	1.075	log10.penalty	1.35	2	135
1.0875	1.1125	1.1 1.35	log10.penalty	1.1	log10.penalty	1.35	2	175
1.1125	1.1375	1.125 1.35	log10.penalty	1.125	log10.penalty	1.35	2	215
1.1375	1.1625	1.15 1.35	log10.penalty	1.15	log10.penalty	1.35	2	255
1.1625	1.1875	1.175 1.35	log10.penalty	1.175	log10.penalty	1.35	2	295
1.1875	1.2125	1.2 1.35	log10.penalty	1.2	log10.penalty	1.35	2	335
1.2125	1.2375	1.225 1.35	log10.penalty	1.225	log10.penalty	1.35	2	375
1.2375	1.2625	1.25 1.35	log10.penalty	1.25	log10.penalty	1.35	2	415
1.2625	1.2875	1.275 1.35	log10.penalty	1.275	log10.penalty	1.35	2	455
1.2875	1.3125	1.3 1.35	log10.penalty	1.3	log10.penalty	1.35	2	495
1.3125	1.3375	1.325 1.35	log10.penalty	1.325	log10.penalty	1.35	2	535
1.3375	1.3625	1	log10.penalty	1.35	log10.penalty	1.35	2	1
1.3625	1.3875	1.375 1.35	log10.penalty	1.375	log10.penalty	1.35	2	616
1.3875	1.4125	1.4 1.35	log10.penalty	1.4	log10.penalty	1.35	2	656
1.4125	1.4375	1.425 1.35	log10.penalty	1.425	log10.penalty	1.35	2	696
1.4375	1.4625	1.45 1.35	log10.penalty	1.45	log10.penalty	1.35	2	736
1.4625	1.4875	1.475 1.35	log10.penalty	1.475	log10.penalty	1.35	2	776
1.4875	1.5125	1.5 1.35	log10.penalty	1.5	log10.penalty	1.35	2	816
1.5125	1.5375	1.525 1.35	log10.penalty	1.525	log10.penalty	1.35	2	856
1.5375	1.5625	1.55 1.35	log10.penalty	1.55	log10.penalty	1.35	2	896
1.5625	1.5875	1.575 1.35	log10.penalty	1.575	log10.penalty	1.35	2	936
1.5875	1.6125	1.6 1.35	log10.penalty	1.6	log10.penalty	1.35	2	976
1.6125	1.6375	1.625 1.35	log10.penalty	1.625	log10.penalty	1.35	2	1016
1.6375	1.6625	1.65 1.35	log10.penalty	1.65	log10.penalty	1.35	2	1056
1.6625	1.6875	1.675 1.35	log10.penalty	1.675	log10.penalty	1.35	2	1096
1.6875	1.7125	1.7 1.35	log10.penalty	1.7	log10.penalty	1.35	2	1136
1.7125	1.7375	1.725 1.35	log10.penalty	1.725	log10.penalty	1.35	2	1176
1.7375	1.7625	1.75 1.35	log10.penalty	1.75	log10.penalty	1.35	2	1216
1.7625	1.7875	1.775 1.35	log10.penalty	1.775	log10.penalty	1.35	2	1256
1.7875	1.8125	1.8 1.35	log10.penalty	1.8	log10.penalty	1.35	2	1296
1.8125	1.8375	1.825 1.35	log10.penalty	1.825	log10.penalty	1.35	2	1336
1.8375	1.8625	1.85 1.35	log10.penalty	1.85	log10.penalty	1.35	2	1376
1.8625	1.8875	1.875 1.35	log10.penalty	1.875	log10.penalty	1.35	2	1416
1.8875	1.9125	1.9 1.35	log10.penalty	1.9	log10.penalty	1.35	2	1456
1.9125	1.9375	1.925 1.35	log10.penalty	1.925	log10.penalty	1.35	2	1496
1.9375	1.9625	1.95 1.35	log10.penalty	1.95	log10.penalty	1.35	2	1536
1.9625	1.9875	1.975 1.35	log10.penalty	1.975	log10.penalty	1.35	2	1576
1.9875	2.0125	2 1.35	log10.penalty	2	log10.penalty	1.35	2	1616
0.9875	1.0125	1 1.375	log10.penalty	1	log10.penalty	1.375	2	16
1.0125	1.0375	1.025 1.375	log10.penalty	1.025	log10.penalty	1.375	2	56
1.0375	1.0625	1.05 1.375	log10.penalty	1.05	log10.penalty	1.375	2	96
1.0625	1.0875	1.075 1.375	log10.penalty	1.075	log10.penalty	1.375	2	136
1.0875	1.1125	1.1 1.375	log10.penalty	1.1	log10.penalty	1.375	2	176
1.1125	1.1375	1.125 1.375	log10.penalty	1.125	log10.penalty	1.375	2	216
1.1375	1.1625	1.15 1.375	log10.penalty	1.15	log10.penalty	1.375	2	256
1.1625	1.1875	1.175 1.375	log10.penalty	1.175	log10.penalty	1.375	2	296
1.1875	1.2125	1.2 1.375	log10.penalty	1.2	log10.penalty	1.375	2	336
1.2125	1.2375	1.225 1.375	log10.penalty	1.225	log10.penalty	1.375	2	376
1.2375	1.2625	1.25 1.375	log10.penalty	1.25	log10.penalty	1.375	2	416
1.2625	1.2875	1.275 1.375	log10.penalty	1.275	log10.penalty	1.375	2	456
1.2875	1.3125	1.3 1.375	log10.penalty	1.3	log10.penalty	1.375	2	496
1.3125	1.3375	1.325 1.375	log10.penalty	1.325	log10.penalty	1.375	2	536
1.3375	1.3625	1.35 1.375	log10.penalty	1.35	log10.penalty	1.375	2	576
1.3625	1.3875	1	log10.penalty	1.375	log10.penalty	1.375	2	1
1.3875	1.4125	1.4 1.375	log10.penalty	1.4	log10.penalty	1.375	2	657
1.4125	1.4375	1.425 1.375	log10.penalty	1.425	log10.penalty	1.375	2	697
1.4375	1.4625	1.45 1.375	log10.penalty	1.45	log10.penalty	1.375	2	737
1.4625	1.4875	1.475 1.375	log10.penalty	1.475	log10.penalty	1.375	2	777
1.4875	1.5125	1.5 1.375	log10.penalty	1.5	log10.penalty	1.375	2	817
1.5125	1.5375	1.525 1.375	log10.penalty	1.525	log10.penalty	1.375	2	857
1.5375	1.5625	1.55 1.375	log10.penalty	1.55	log10.penalty	1.375	2	897
1.5625	1.5875	1.575 1.375	log10.penalty	1.575	log10.penalty	1.375	2	937
1.5875	1.6125	1.6 1.375	log10.penalty	1.6	log10.penalty	1.375	2	977
1.6125	1.6375	1.625 1.375	log10.penalty	1.625	log10.penalty	1.375	2	1017
1.6375	1.6625	1.65 1.375	log10.penalty	1.65	log10.penalty	1.375	2	1057
1.6625	1.6875	1.675 1.375	log10.penalty	1.675	log10.penalty	1.375	2	1097
1.6875	1.7125	1.7 1.375	log10.penalty	1.7	log10.penalty	1.375	2	1137
1.7125	1.7375	1.725 1.375	log10.penalty	1.725	log10.penalty	1.375	2	1177
1.7375	1.7625	1.75 1.375	log10.penalty	1.75	log10.penalty	1.375	2	1217
1.7625	1.7875	1.775 1.375	log10.penalty	1.775	log10.penalty	1.375	2	1257
1.7875	1.8125	1.8 1.375	log10.penalty	1.8	log10.penalty	1.375	2	1297
1.8125	1.8375	1.825 1.375	log10.penalty	1.825	log10.penalty	1.375	2	1337
1.8375	1.8625	1.85 1.375	log10.penalty	1.85	log10.penalty	1.375	2	1377
1.8625	1.8875	1.875 1.375	log10.penalty	1.875	log10.penalty	1.375	2	1417
1.8875	1.9125	1.9 1.375	log10.penalty	1.9	log10.penalty	1.375	2	1457
1.9125	1.9375	1.925 1.375	log10.penalty	1.925	log10.penalty	1.375	2	1497
1.9375	1.9625	1.95 1.375	log10.penalty	1.95	log10.penalty	1.375	2	1537
1.9625	1.9875	1.975 1.375	log10.penalty	1.975	log10.penalty	1.375	2	1577
1.9875	2.0125	2 1.375	log10.penalty	2	log10.penalty	1.375	2	1617
0.9875	1.0125	1 1.4	log10.penalty	1	log10.penalty	1.4	2	17
1.0125	1.0375	1.025 1.4	log10.penalty	1.025	log10.penalty	1.4	2	57
1.0375	1.0625	1.05 1.4	log10.penalty	1.05	log10.penalty	1.4	2	97
1.0625	1.0875	1.075 1.4	log10.penalty	1.075	log10.penalty	1.4	2	137
1.0875	1.1125	1.1 1.4	log10.penalty	1.1	log10.penalty	1.4	2	177
1.1125	1.1375	1.125 1.4	log10.penalty	1.125	log10.penalty	1.4	2	217
1.1375	1.1625	1.15 1.4	log10.penalty	1.15	log10.penalty	1.4	2	257
1.1625	1.1875	1.175 1.4	log10.penalty	1.175	log10.penalty	1.4	2	297
1.1875	1.2125	1.2 1.4	log10.penalty	1.2	log10.penalty	1.4	2	337
1.2125	1.2375	1.225 1.4	log10.penalty	1.225	log10.penalty	1.4	2	377
1.2375	1.2625	1.25 1.4	log10.penalty	1.25	log10.penalty	1.4	2	417
1.2625	1.2875	1.275 1.4	log10.penalty	1.275	log10.penalty	1.4	2	457
1.2875	1.3125	1.3 1.4	log10.penalty	1.3	log10.penalty	1.4	2	497
1.3125	1.3375	1.325 1.4	log10.penalty	1.325	log10.penalty	1.4	2	537
1.3375	1.3625	1.35 1.4	log10.penalty	1.35	log10.penalty	1.4	2	577
1.3625	1.3875	1.375 1.4	log10.penalty	1.375	log10.penalty	1.4	2	617
1.3875	1.4125	1	log10.penalty	1.4	log10.penalty	1.4	2	1
1.4125	1.4375	1.425 1.4	log10.penalty	1.425	log10.penalty	1.4	2	698
1.4375	1.4625	1.45 1.4	log10.penalty	1.45	log10.penalty	1.4	2	738
1.4625	1.4875	1.475 1.4	log10.penalty	1.475	log10.penalty	1.4	2	778
1.4875	1.5125	1.5 1.4	log10.penalty	1.5	log10.penalty	1.4	2	818
1.5125	1.5375	1.525 1.4	log10.penalty	1.525	log10.penalty	1.4	2	858
1.5375	1.5625	1.55 1.4	log10.penalty	1.55	log10.penalty	1.4	2	898
1.5625	1.5875	1.575 1.4	log10.penalty	1.575	log10.penalty	1.4	2	938
1.5875	1.6125	1.6 1.4	log10.penalty	1.6	log10.penalty	1.4	2	978
1.6125	1.6375	1.625 1.4	log10.penalty	1.625	log10.penalty	1.4	2	1018
1.6375	1.6625	1.65 1.4	log10.penalty	1.65	log10.penalty	1.4	2	1058
1.6625	1.6875	1.675 1.4	log10.penalty	1.675	log10.penalty	1.4	2	1098
1.6875	1.7125	1.7 1.4	log10.penalty	1.7	log10.penalty	1.4	2	1138
1.7125	1.7375	1.725 1.4	log10.penalty	1.725	log10.penalty	1.4	2	1178
1.7375	1.7625	1.75 1.4	log10.penalty	1.75	log10.penalty	1.4	2	1218
1.7625	1.7875	1.775 1.4	log10.penalty	1.775	log10.penalty	1.4	2	1258
1.7875	1.8125	1.8 1.4	log10.penalty	1.8	log10.penalty	1.4	2	1298
1.8125	1.8375	1.825 1.4	log10.penalty	1.825	log10.penalty	1.4	2	1338
1.8375	1.8625	1.85 1.4	log10.penalty	1.85	log10.penalty	1.4	2	1378
1.8625	1.8875	1.875 1.4	log10.penalty	1.875	log10.penalty	1.4	2	1418
1.8875	1.9125	1.9 1.4	log10.penalty	1.9	log10.penalty	1.4	2	1458
1.9125	1.9375	1.925 1.4	log10.penalty	1.925	log10.penalty	1.4	2	1498
1.9375	1.9625	1.95 1.4	log10.penalty	1.95	log10.penalty	1.4	2	1538
1.9625	1.9875	1.975 1.4	log10.penalty	1.975	log10.penalty	1.4	2	1578
1.9875	2.0125	2 1.4	log10.penalty	2	log10.penalty	1.4	2	1618
0.9875	1.0125	1 1.425	log10.penalty	1	log10.penalty	1.425	2	18
1.0125	1.0375	1.025 1.425	log10.penalty	1.025	log10.penalty	1.425	2	58
1.0375	1.0625	1.05 1.425	log10.penalty	1.05	log10.penalty	1.425	2	98
1.0625	1.0875	1.075 1.425	log10.penalty	1.075	log10.penalty	1.425	2	138
1.0875	1.1125	1.1 1.425	log10.penalty	1.1	log10.penalty	1.425	2	178
1.1125	1.1375	1.125 1.425	log10.penalty	1.125	log10.penalty	1.425	2	218
1.1375	1.1625	1.15 1.425	log10.penalty	1.15	log10.penalty	1.425	2	258
1.1625	1.1875	1.175 1.425	log10.penalty	1.175	log10.penalty	1.425	2	298
1.1875	1.2125	1.2 1.425	log10.penalty	1.2	log10.penalty	1.425	2	338
1.2125	1.2375	1.225 1.425	log10.penalty	1.225	log10.penalty	1.425	2	378
1.2375	1.2625	1.25 1.425	log10.penalty	1.25	log10.penalty	1.425	2	418
1.2625	1.2875	1.275 1.425	log10.penalty	1.275	log10.penalty	1.425	2	458
1.2875	1.3125	1.3 1.425	log10.penalty	1.3	log10.penalty	1.425	2	498
1.3125	1.3375	1.325 1.425	log10.penalty	1.325	log10.penalty	1.425	2	538
1.3375	1.3625	1.35 1.425	log10.penalty	1.35	log10.penalty	1.425	2	578
1.3625	1.3875	1.375 1.425	log10.penalty	1.375	log10.penalty	1.425	2	618
1.3875	1.4125	1.4 1.425	log10.penalty	1.4	log10.penalty	1.425	2	658
1.4125	1.4375	1	log10.penalty	1.425	log10.penalty	1.425	2	1
1.4375	1.4625	1.45 1.425	log10.penalty	1.45	log10.penalty	1.425	2	739
1.4625	1.4875	1.475 1.425	log10.penalty	1.475	log10.penalty	1.425	2	779
1.4875	1.5125	1.5 1.425	log10.penalty	1.5	log10.penalty	1.425	2	819
1.5125	1.5375	1.525 1.425	log10.penalty	1.525	log10.penalty	1.425	2	859
1.5375	1.5625	1.55 1.425	log10.penalty	1.55	log10.penalty	1.425	2	899
1.5625	1.5875	1.575 1.425	log10.penalty	1.575	log10.penalty	1.425	2	939
1.5875	1.6125	1.6 1.425	log10.penalty	1.6	log10.penalty	1.425	2	979
1.6125	1.6375	1.625 1.425	log10.penalty	1.625	log10.penalty	1.425	2	1019
1.6375	1.6625	1.65 1.425	log10.penalty	1.65	log10.penalty	1.425	2	1059
1.6625	1.6875	1.675 1.425	log10.penalty	1.675	log10.penalty	1.425	2	1099
1.6875	1.7125	1.7 1.425	log10.penalty	1.7	log10.penalty	1.425	2	1139
1.7125	1.7375	1.725 1.425	log10.penalty	1.725	log10.penalty	1.425	2	1179
1.7375	1.7625	1.75 1.425	log10.penalty	1.75	log10.penalty	1.425	2	1219
1.7625	1.7875	1.775 1.425	log10.penalty	1.775	log10.penalty	1.425	2	1259
1.7875	1.8125	1.8 1.425	log10.penalty	1.8	log10.penalty	1.425	2	1299
1.8125	1.8375	1.825 1.425	log10.penalty	1.825	log10.penalty	1.425	2	1339
1.8375	1.8625	1.85 1.425	log10.penalty	1.85	log10.penalty	1.425	2	1379
1.8625	1.8875	1.875 1.425	log10.penalty	1.875	log10.penalty	1.425	2	1419
1.8875	1.9125	1.9 1.425	log10.penalty	1.9	log10.penalty	1.425	2	1459
1.9125	1.9375	1.925 1.425	log10.penalty	1.925	log10.penalty	1.425	2	1499
1.9375	1.9625	1.95 1.425	log10.penalty	1.95	log10.penalty	1.425	2	1539
1.9625	1.9875	1.975 1.425	log10.penalty	1.975	log10.penalty	1.425	2	1579
1.9875	2.0125	2 1.425	log10.penalty	2	log10.penalty	1.425	2	1619
0.9875	1.0125	1 1.45	log10.penalty	1	log10.penalty	1.45	2	19
1.0125	1.0375	1.025 1.45	log10.penalty	1.025	log10.penalty	1.45	2	59
1.0375	1.0625	1.05 1.45	log10.penalty	1.05	log10.penalty	1.45	2	99
1.0625	1.0875	1.075 1.45	log10.penalty	1.075	log10.penalty	1.45	2	139
1.0875	1.1125	1.1 1.45	log10.penalty	1.1	log10.penalty	1.45	2	179
1.1125	1.1375	1.125 1.45	log10.penalty	1.125	log10.penalty	1.45	2	219
1.1375	1.1625	1.15 1.45	log10.penalty	1.15	log10.penalty	1.45	2	259
1.1625	1.1875	1.175 1.45	log10.penalty	1.175	log10.penalty	1.45	2	299
1.1875	1.2125	1.2 1.45	log10.penalty	1.2	log10.penalty	1.45	2	339
1.2125	1.2375	1.225 1.45	log10.penalty	1.225	log10.penalty	1.45	2	379
1.2375	1.2625	1.25 1.45	log10.penalty	1.25	log10.penalty	1.45	2	419
1.2625	1.2875	1.275 1.45	log10.penalty	1.275	log10.penalty	1.45	2	459
1.2875	1.3125	1.3 1.45	log10.penalty	1.3	log10.penalty	1.45	2	499
1.3125	1.3375	1.325 1.45	log10.penalty	1.325	log10.penalty	1.45	2	539
1.3375	1.3625	1.35 1.45	log10.penalty	1.35	log10.penalty	1.45	2	579
1.3625	1.3875	1.375 1.45	log10.penalty	1.375	log10.penalty	1.45	2	619
1.3875	1.4125	1.4 1.45	log10.penalty	1.4	log10.penalty	1.45	2	659
1.4125	1.4375	1.425 1.45	log10.penalty	1.425	log10.penalty	1.45	2	699
1.4375	1.4625	1	log10.penalty	1.45	log10.penalty	1.45	2	1
1.4625	1.4875	1.475 1.45	log10.penalty	1.475	log10.penalty	1.45	2	780
1.4875	1.5125	1.5 1.45	log10.penalty	1.5	log10.penalty	1.45	2	820
1.5125	1.5375	1.525 1.45	log10.penalty	1.525	log10.penalty	1.45	2	860
1.5375	1.5625	1.55 1.45	log10.penalty	1.55	log10.penalty	1.45	2	900
1.5625	1.5875	1.575 1.45	log10.penalty	1.575	log10.penalty	1.45	2	940
1.5875	1.6125	1.6 1.45	log10.penalty	1.6	log10.penalty	1.45	2	980
1.6125	1.6375	1.625 1.45	log10.penalty	1.625	log10.penalty	1.45	2	1020
1.6375	1.6625	1.65 1.45	log10.penalty	1.65	log10.penalty	1.45	2	1060
1.6625	1.6875	1.675 1.45	log10.penalty	1.675	log10.penalty	1.45	2	1100
1.6875	1.7125	1.7 1.45	log10.penalty	1.7	log10.penalty	1.45	2	1140
1.7125	1.7375	1.725 1.45	log10.penalty	1.725	log10.penalty	1.45	2	1180
1.7375	1.7625	1.75 1.45	log10.penalty	1.75	log10.penalty	1.45	2	1220
1.7625	1.7875	1.775 1.45	log10.penalty	1.775	log10.penalty	1.45	2	1260
1.7875	1.8125	1.8 1.45	log10.penalty	1.8	log10.penalty	1.45	2	1300
1.8125	1.8375	1.825 1.45	log10.penalty	1.825	log10.penalty	1.45	2	1340
1.8375	1.8625	1.85 1.45	log10.penalty	1.85	log10.penalty	1.45	2	1380
1.8625	1.8875	1.875 1.45	log10.penalty	1.875	log10.penalty	1.45	2	1420
1.8875	1.9125	1.9 1.45	log10.penalty	1.9	log10.penalty	1.45	2	1460
1.9125	1.9375	1.925 1.45	log10.penalty	1.925	log10.penalty	1.45	2	1500
1.9375	1.9625	1.95 1.45	log10.penalty	1.95	log10.penalty	1.45	2	1540
1.9625	1.9875	1.975 1.45	log10.penalty	1.975	log10.penalty	1.45	2	1580
1.9875	2.0125	2 1.45	log10.penalty	2	log10.penalty	1.45	2	1620
0.9875	1.0125	1 1.475	log10.penalty	1	log10.penalty	1.475	2	20
1.0125	1.0375	1.025 1.475	log10.penalty	1.025	log10.penalty	1.475	2	60
1.0375	1.0625	1.05 1.475	log10.penalty	1.05	log10.penalty	1.475	2	100
1.0625	1.0875	1.075 1.475	log10.penalty	1.075	log10.penalty	1.475	2	140
1.0875	1.1125	1.1 1.475	log10.penalty	1.1	log10.penalty	1.475	2	180
1.1125	1.1375	1.125 1.475	log10.penalty	1.125	log10.penalty	1.475	2	220
1.1375	1.1625	1.15 1.475	log10.penalty	1.15	log10.penalty	1.475	2	260
1.1625	1.1875	1.175 1.475	log10.penalty	1.175	log10.penalty	1.475	2	300
1.1875	1.2125	1.2 1.475	log10.penalty	1.2	log10.penalty	1.475	2	340
1.2125	1.2375	1.225 1.475	log10.penalty	1.225	log10.penalty	1.475	2	380
1.2375	1.2625	1.25 1.475	log10.penalty	1.25	log10.penalty	1.475	2	420
1.2625	1.2875	1.275 1.475	log10.penalty	1.275	log10.penalty	1.475	2	460
1.2875	1.3125	1.3 1.475	log10.penalty	1.3	log10.penalty	1.475	2	500
1.3125	1.3375	1.325 1.475	log10.penalty	1.325	log10.penalty	1.475	2	540
1.3375	1.3625	1.35 1.475	log10.penalty	1.35	log10.penalty	1.475	2	580
1.3625	1.3875	1.375 1.475	log10.penalty	1.375	log10.penalty	1.475	2	620
1.3875	1.4125	1.4 1.475	log10.penalty	1.4	log10.penalty	1.475	2	660
1.4125	1.4375	1.425 1.475	log10.penalty	1.425	log10.penalty	1.475	2	700
1.4375	1.4625	1.45 1.475	log10.penalty	1.45	log10.penalty	1.475	2	740
1.4625	1.4875	1	log10.penalty	1.475	log10.penalty	1.475	2	1
1.4875	1.5125	1.5 1.475	log10.penalty	1.5	log10.penalty	1.475	2	821
1.5125	1.5375	1.525 1.475	log10.penalty	1.525	log10.penalty	1.475	2	861
1.5375	1.5625	1.55 1.475	log10.penalty	1.55	log10.penalty	1.475	2	901
1.5625	1.5875	1.575 1.475	log10.penalty	1.575	log10.penalty	1.475	2	941
1.5875	1.6125	1.6 1.475	log10.penalty	1.6	log10.penalty	1.475	2	981
1.6125	1.6375	1.625 1.475	log10.penalty	1.625	log10.penalty	1.475	2	1021
1.6375	1.6625	1.65 1.475	log10.penalty	1.65	log10.penalty	1.475	2	1061
1.6625	1.6875	1.675 1.475	log10.penalty	1.675	log10.penalty	1.475	2	1101
1.6875	1.7125	1.7 1.475	log10.penalty	1.7	log10.penalty	1.475	2	1141
1.7125	1.7375	1.725 1.475	log10.penalty	1.725	log10.penalty	1.475	2	1181
1.7375	1.7625	1.75 1.475	log10.penalty	1.75	log10.penalty	1.475	2	1221
1.7625	1.7875	1.775 1.475	log10.penalty	1.775	log10.penalty	1.475	2	1261
1.7875	1.8125	1.8 1.475	log10.penalty	1.8	log10.penalty	1.475	2	1301
1.8125	1.8375	1.825 1.475	log10.penalty	1.825	log10.penalty	1.475	2	1341
1.8375	1.8625	1.85 1.475	log10.penalty	1.85	log10.penalty	1.475	2	1381
1.8625	1.8875	1.875 1.475	log10.penalty	1.875	log10.penalty	1.475	2	1421
1.8875	1.9125	1.9 1.475	log10.penalty	1.9	log10.penalty	1.475	2	1461
1.9125	1.9375	1.925 1.475	log10.penalty	1.925	log10.penalty	1.475	2	1501
1.9375	1.9625	1.95 1.475	log10.penalty	1.95	log10.penalty	1.475	2	1541
1.9625	1.9875	1.975 1.475	log10.penalty	1.975	log10.penalty	1.475	2	1581
1.9875	2.0125	2 1.475	log10.penalty	2	log10.penalty	1.475	2	1621
0.9875	1.0125	1 1.5	log10.penalty	1	log10.penalty	1.5	2	21
1.0125	1.0375	1.025 1.5	log10.penalty	1.025	log10.penalty	1.5	2	61
1.0375	1.0625	1.05 1.5	log10.penalty	1.05	log10.penalty	1.5	2	101
1.0625	1.0875	1.075 1.5	log10.penalty	1.075	log10.penalty	1.5	2	141
1.0875	1.1125	1.1 1.5	log10.penalty	1.1	log10.penalty	1.5	2	181
1.1125	1.1375	1.125 1.5	log10.penalty	1.125	log10.penalty	1.5	2	221
1.1375	1.1625	1.15 1.5	log10.penalty	1.15	log10.penalty	1.5	2	261
1.1625	1.1875	1.175 1.5	log10.penalty	1.175	log10.penalty	1.5	2	301
1.1875	1.2125	1.2 1.5	log10.penalty	1.2	log10.penalty	1.5	2	341
1.2125	1.2375	1.225 1.5	log10.penalty	1.225	log10.penalty	1.5	2	381
1.2375	1.2625	1.25 1.5	log10.penalty	1.25	log10.penalty	1.5	2	421
1.2625	1.2875	1.275 1.5	log10.penalty	1.275	log10.penalty	1.5	2	461
1.2875	1.3125	1.3 1.5	log10.penalty	1.3	log10.penalty	1.5	2	501
1.3125	1.3375	1.325 1.5	log10.penalty	1.325	log10.penalty	1.5	2	541
1.3375	1.3625	1.35 1.5	log10.penalty	1.35	log10.penalty	1.5	2	581
1.3625	1.3875	1.375 1.5	log10.penalty	1.375	log10.penalty	1.5	2	621
1.3875	1.4125	1.4 1.5	log10.penalty	1.4	log10.penalty	1.5	2	661
1.4125	1.4375	1.425 1.5	log10.penalty	1.425	log10.penalty	1.5	2	701
1.4375	1.4625	1.45 1.5	log10.penalty	1.45	log10.penalty	1.5	2	741
1.4625	1.4875	1.475 1.5	log10.penalty	1.475	log10.penalty	1.5	2	781
1.4875	1.5125	1	log10.penalty	1.5	log10.penalty	1.5	2	1
1.5125	1.5375	1.525 1.5	log10.penalty	1.525	log10.penalty	1.5	2	862
1.5375	1.5625	1.55 1.5	log10.penalty	1.55	log10.penalty	1.5	2	902
1.5625	1.5875	1.575 1.5	log10.penalty	1.575	log10.penalty	1.5	2	942
1.5875	1.6125	1.6 1.5	log10.penalty	1.6	log10.penalty	1.5	2	982
1.6125	1.6375	1.625 1.5	log10.penalty	1.625	log10.penalty	1.5	2	1022
1.6375	1.6625	1.65 1.5	log10.penalty	1.65	log10.penalty	1.5	2	1062
1.6625	1.6875	1.675 1.5	log10.penalty	1.675	log10.penalty	1.5	2	1102
1.6875	1.7125	1.7 1.5	log10.penalty	1.7	log10.penalty	1.5	2	1142
1.7125	1.7375	1.725 1.5	log10.penalty	1.725	log10.penalty	1.5	2	1182
1.7375	1.7625	1.75 1.5	log10.penalty	1.75	log10.penalty	1.5	2	1222
1.7625	1.7875	1.775 1.5	log10.penalty	1.775	log10.penalty	1.5	2	1262
1.7875	1.8125	1.8 1.5	log10.penalty	1.8	log10.penalty	1.5	2	1302
1.8125	1.8375	1.825 1.5	log10.penalty	1.825	log10.penalty	1.5	2	1342
1.8375	1.8625	1.85 1.5	log10.penalty	1.85	log10.penalty	1.5	2	1382
1.8625	1.8875	1.875 1.5	log10.penalty	1.875	log10.penalty	1.5	2	1422
1.8875	1.9125	1.9 1.5	log10.penalty	1.9	log10.penalty	1.5	2	1462
1.9125	1.9375	1.925 1.5	log10.penalty	1.925	log10.penalty	1.5	2	1502
1.9375	1.9625	1.95 1.5	log10.penalty	1.95	log10.penalty	1.5	2	1542
1.9625	1.9875	1.975 1.5	log10.penalty	1.975	log10.penalty	1.5	2	1582
1.9875	2.0125	2 1.5	log10.penalty	2	log10.penalty	1.5	2	1622
0.9875	1.0125	1 1.525	log10.penalty	1	log10.penalty	1.525	2	22
1.0125	1.0375	1.025 1.525	log10.penalty	1.025	log10.penalty	1.525	2	62
1.0375	1.0625	1.05 1.525	log10.penalty	1.05	log10.penalty	1.525	2	102
1.0625	1.0875	1.075 1.525	log10.penalty	1.075	log10.penalty	1.525	2	142
1.0875	1.1125	1.1 1.525	log10.penalty	1.1	log10.penalty	1.525	2	182
1.1125	1.1375	1.125 1.525	log10.penalty	1.125	log10.penalty	1.525	2	222
1.1375	1.1625	1.15 1.525	log10.penalty	1.15	log10.penalty	1.525	2	262
1.1625	1.1875	1.175 1.525	log10.penalty	1.175	log10.penalty	1.525	2	302
1.1875	1.2125	1.2 1.525	log10.penalty	1.2	log10.penalty	1.525	2	342
1.2125	1.2375	1.225 1.525	log10.penalty	1.225	log10.penalty	1.525	2	382
1.2375	1.2625	1.25 1.525	log10.penalty	1.25	log10.penalty	1.525	2	422
1.2625	1.2875	1.275 1.525	log10.penalty	1.275	log10.penalty	1.525	2	462
1.2875	1.3125	1.3 1.525	log10.penalty	1.3	log10.penalty	1.525	2	502
1.3125	1.3375	1.325 1.525	log10.penalty	1.325	log10.penalty	1.525	2	542
1.3375	1.3625	1.35 1.525	log10.penalty	1.35	log10.penalty	1.525	2	582
1.3625	1.3875	1.375 1.525	log10.penalty	1.375	log10.penalty	1.525	2	622
1.3875	1.4125	1.4 1.525	log10.penalty	1.4	log10.penalty	1.525	2	662
1.4125	1.4375	1.425 1.525	log10.penalty	1.425	log10.penalty	1.525	2	702
1.4375	1.4625	1.45 1.525	log10.penalty	1.45	log10.penalty	1.525	2	742
1.4625	1.4875	1.475 1.525	log10.penalty	1.475	log10.penalty	1.525	2	782
1.4875	1.5125	1.5 1.525	log10.penalty	1.5	log10.penalty	1.525	2	822
1.5125	1.5375	1	log10.penalty	1.525	log10.penalty	1.525	2	1
1.5375	1.5625	1.55 1.525	log10.penalty	1.55	log10.penalty	1.525	2	903
1.5625	1.5875	1.575 1.525	log10.penalty	1.575	log10.penalty	1.525	2	943
1.5875	1.6125	1.6 1.525	log10.penalty	1.6	log10.penalty	1.525	2	983
1.6125	1.6375	1.625 1.525	log10.penalty	1.625	log10.penalty	1.525	2	1023
1.6375	1.6625	1.65 1.525	log10.penalty	1.65	log10.penalty	1.525	2	1063
1.6625	1.6875	1.675 1.525	log10.penalty	1.675	log10.penalty	1.525	2	1103
1.6875	1.7125	1.7 1.525	log10.penalty	1.7	log10.penalty	1.525	2	1143
1.7125	1.7375	1.725 1.525	log10.penalty	1.725	log10.penalty	1.525	2	1183
1.7375	1.7625	1.75 1.525	log10.penalty	1.75	log10.penalty	1.525	2	1223
1.7625	1.7875	1.775 1.525	log10.penalty	1.775	log10.penalty	1.525	2	1263
1.7875	1.8125	1.8 1.525	log10.penalty	1.8	log10.penalty	1.525	2	1303
1.8125	1.8375	1.825 1.525	log10.penalty	1.825	log10.penalty	1.525	2	1343
1.8375	1.8625	1.85 1.525	log10.penalty	1.85	log10.penalty	1.525	2	1383
1.8625	1.8875	1.875 1.525	log10.penalty	1.875	log10.penalty	1.525	2	1423
1.8875	1.9125	1.9 1.525	log10.penalty	1.9	log10.penalty	1.525	2	1463
1.9125	1.9375	1.925 1.525	log10.penalty	1.925	log10.penalty	1.525	2	1503
1.9375	1.9625	1.95 1.525	log10.penalty	1.95	log10.penalty	1.525	2	1543
1.9625	1.9875	1.975 1.525	log10.penalty	1.975	log10.penalty	1.525	2	1583
1.9875	2.0125	2 1.525	log10.penalty	2	log10.penalty	1.525	2	1623
0.9875	1.0125	1 1.55	log10.penalty	1	log10.penalty	1.55	2	23
1.0125	1.0375	1.025 1.55	log10.penalty	1.025	log10.penalty	1.55	2	63
1.0375	1.0625	1.05 1.55	log10.penalty	1.05	log10.penalty	1.55	2	103
1.0625	1.0875	1.075 1.55	log10.penalty	1.075	log10.penalty	1.55	2	143
1.0875	1.1125	1.1 1.55	log10.penalty	1.1	log10.penalty	1.55	2	183
1.1125	1.1375	1.125 1.55	log10.penalty	1.125	log10.penalty	1.55	2	223
1.1375	1.1625	1.15 1.55	log10.penalty	1.15	log10.penalty	1.55	2	263
1.1625	1.1875	1.175 1.55	log10.penalty	1.175	log10.penalty	1.55	2	303
1.1875	1.2125	1.2 1.55	log10.penalty	1.2	log10.penalty	1.55	2	343
1.2125	1.2375	1.225 1.55	log10.penalty	1.225	log10.penalty	1.55	2	383
1.2375	1.2625	1.25 1.55	log10.penalty	1.25	log10.penalty	1.55	2	423
1.2625	1.2875	1.275 1.55	log10.penalty	1.275	log10.penalty	1.55	2	463
1.2875	1.3125	1.3 1.55	log10.penalty	1.3	log10.penalty	1.55	2	503
1.3125	1.3375	1.325 1.55	log10.penalty	1.325	log10.penalty	1.55	2	543
1.3375	1.3625	1.35 1.55	log10.penalty	1.35	log10.penalty	1.55	2	583
1.3625	1.3875	1.375 1.55	log10.penalty	1.375	log10.penalty	1.55	2	623
1.3875	1.4125	1.4 1.55	log10.penalty	1.4	log10.penalty	1.55	2	663
1.4125	1.4375	1.425 1.55	log10.penalty	1.425	log10.penalty	1.55	2	703
1.4375	1.4625	1.45 1.55	log10.penalty	1.45	log10.penalty	1.55	2	743
1.4625	1.4875	1.475 1.55	log10.penalty	1.475	log10.penalty	1.55	2	783
1.4875	1.5125	1.5 1.55	log10.penalty	1.5	log10.penalty	1.55	2	823
1.5125	1.5375	1.525 1.55	log10.penalty	1.525	log10.penalty	1.55	2	863
1.5375	1.5625	1	log10.penalty	1.55	log10.penalty	1.55	2	1
1.5625	1.5875	1.575 1.55	log10.penalty	1.575	log10.penalty	1.55	2	944
1.5875	1.6125	1.6 1.55	log10.penalty	1.6	log10.penalty	1.55	2	984
1.6125	1.6375	1.625 1.55	log10.penalty	1.625	log10.penalty	1.55	2	1024
1.6375	1.6625	1.65 1.55	log10.penalty	1.65	log10.penalty	1.55	2	1064
1.6625	1.6875	1.675 1.55	log10.penalty	1.675	log10.penalty	1.55	2	1104
1.6875	1.7125	1.7 1.55	log10.penalty	1.7	log10.penalty	1.55	2	1144
1.7125	1.7375	1.725 1.55	log10.penalty	1.725	log10.penalty	1.55	2	1184
1.7375	1.7625	1.75 1.55	log10.penalty	1.75	log10.penalty	1.55	2	1224
1.7625	1.7875	1.775 1.55	log10.penalty	1.775	log10.penalty	1.55	2	1264
1.7875	1.8125	1.8 1.55	log10.penalty	1.8	log10.penalty	1.55	2	1304
1.8125	1.8375	1.825 1.55	log10.penalty	1.825	log10.penalty	1.55	2	1344
1.8375	1.8625	1.85 1.55	log10.penalty	1.85	log10.penalty	1.55	2	1384
1.8625	1.8875	1.875 1.55	log10.penalty	1.875	log10.penalty	1.55	2	1424
1.8875	1.9125	1.9 1.55	log10.penalty	1.9	log10.penalty	1.55	2	1464
1.9125	1.9375	1.925 1.55	log10.penalty	1.925	log10.penalty	1.55	2	1504
1.9375	1.9625	1.95 1.55	log10.penalty	1.95	log10.penalty	1.55	2	1544
1.9625	1.9875	1.975 1.55	log10.penalty	1.975	log10.penalty	1.55	2	1584
1.9875	2.0125	2 1.55	log10.penalty	2	log10.penalty	1.55	2	1624
0.9875	1.0125	1 1.575	log10.penalty	1	log10.penalty	1.575	2	24
1.0125	1.0375	1.025 1.575	log10.penalty	1.025	log10.penalty	1.575	2	64
1.0375	1.0625	1.05 1.575	log10.penalty	1.05	log10.penalty	1.575	2	104
1.0625	1.0875	1.075 1.575	log10.penalty	1.075	log10.penalty	1.575	2	144
1.0875	1.1125	1.1 1.575	log10.penalty	1.1	log10.penalty	1.575	2	184
1.1125	1.1375	1.125 1.575	log10.penalty	1.125	log10.penalty	1.575	2	224
1.1375	1.1625	1.15 1.575	log10.penalty	1.15	log10.penalty	1.575	2	264
1.1625	1.1875	1.175 1.575	log10.penalty	1.175	log10.penalty	1.575	2	304
1.1875	1.2125	1.2 1.575	log10.penalty	1.2	log10.penalty	1.575	2	344
1.2125	1.2375	1.225 1.575	log10.penalty	1.225	log10.penalty	1.575	2	384
1.2375	1.2625	1.25 1.575	log10.penalty	1.25	log10.penalty	1.575	2	424
1.2625	1.2875	1.275 1.575	log10.penalty	1.275	log10.penalty	1.575	2	464
1.2875	1.3125	1.3 1.575	log10.penalty	1.3	log10.penalty	1.575	2	504
1.3125	1.3375	1.325 1.575	log10.penalty	1.325	log10.penalty	1.575	2	544
1.3375	1.3625	1.35 1.575	log10.penalty	1.35	log10.penalty	1.575	2	584
1.3625	1.3875	1.375 1.575	log10.penalty	1.375	log10.penalty	1.575	2	624
1.3875	1.4125	1.4 1.575	log10.penalty	1.4	log10.penalty	1.575	2	664
1.4125	1.4375	1.425 1.575	log10.penalty	1.425	log10.penalty	1.575	2	704
1.4375	1.4625	1.45 1.575	log10.penalty	1.45	log10.penalty	1.575	2	744
1.4625	1.4875	1.475 1.575	log10.penalty	1.475	log10.penalty	1.575	2	784
1.4875	1.5125	1.5 1.575	log10.penalty	1.5	log10.penalty	1.575	2	824
1.5125	1.5375	1.525 1.575	log10.penalty	1.525	log10.penalty	1.575	2	864
1.5375	1.5625	1.55 1.575	log10.penalty	1.55	log10.penalty	1.575	2	904
1.5625	1.5875	1	log10.penalty	1.575	log10.penalty	1.575	2	1
1.5875	1.6125	1.6 1.575	log10.penalty	1.6	log10.penalty	1.575	2	985
1.6125	1.6375	1.625 1.575	log10.penalty	1.625	log10.penalty	1.575	2	1025
1.6375	1.6625	1.65 1.575	log10.penalty	1.65	log10.penalty	1.575	2	1065
1.6625	1.6875	1.675 1.575	log10.penalty	1.675	log10.penalty	1.575	2	1105
1.6875	1.7125	1.7 1.575	log10.penalty	1.7	log10.penalty	1.575	2	1145
1.7125	1.7375	1.725 1.575	log10.penalty	1.725	log10.penalty	1.575	2	1185
1.7375	1.7625	1.75 1.575	log10.penalty	1.75	log10.penalty	1.575	2	1225
1.7625	1.7875	1.775 1.575	log10.penalty	1.775	log10.penalty	1.575	2	1265
1.7875	1.8125	1.8 1.575	log10.penalty	1.8	log10.penalty	1.575	2	1305
1.8125	1.8375	1.825 1.575	log10.penalty	1.825	log10.penalty	1.575	2	1345
1.8375	1.8625	1.85 1.575	log10.penalty	1.85	log10.penalty	1.575	2	1385
1.8625	1.8875	1.875 1.575	log10.penalty	1.875	log10.penalty	1.575	2	1425
1.8875	1.9125	1.9 1.575	log10.penalty	1.9	log10.penalty	1.575	2	1465
1.9125	1.9375	1.925 1.575	log10.penalty	1.925	log10.penalty	1.575	2	1505
1.9375	1.9625	1.95 1.575	log10.penalty	1.95	log10.penalty	1.575	2	1545
1.9625	1.9875	1.975 1.575	log10.penalty	1.975	log10.penalty	1.575	2	1585
1.9875	2.0125	2 1.575	log10.penalty	2	log10.penalty	1.575	2	1625
0.9875	1.0125	1 1.6	log10.penalty	1	log10.penalty	1.6	2	25
1.0125	1.0375	1.025 1.6	log10.penalty	1.025	log10.penalty	1.6	2	65
1.0375	1.0625	1.05 1.6	log10.penalty	1.05	log10.penalty	1.6	2	105
1.0625	1.0875	1.075 1.6	log10.penalty	1.075	log10.penalty	1.6	2	145
1.0875	1.1125	1.1 1.6	log10.penalty	1.1	log10.penalty	1.6	2	185
1.1125	1.1375	1.125 1.6	log10.penalty	1.125	log10.penalty	1.6	2	225
1.1375	1.1625	1.15 1.6	log10.penalty	1.15	log10.penalty	1.6	2	265
1.1625	1.1875	1.175 1.6	log10.penalty	1.175	log10.penalty	1.6	2	305
1.1875	1.2125	1.2 1.6	log10.penalty	1.2	log10.penalty	1.6	2	345
1.2125	1.2375	1.225 1.6	log10.penalty	1.225	log10.penalty	1.6	2	385
1.2375	1.2625	1.25 1.6	log10.penalty	1.25	log10.penalty	1.6	2	425
1.2625	1.2875	1.275 1.6	log10.penalty	1.275	log10.penalty	1.6	2	465
1.2875	1.3125	1.3 1.6	log10.penalty	1.3	log10.penalty	1.6	2	505
1.3125	1.3375	1.325 1.6	log10.penalty	1.325	log10.penalty	1.6	2	545
1.3375	1.3625	1.35 1.6	log10.penalty	1.35	log10.penalty	1.6	2	585
1.3625	1.3875	1.375 1.6	log10.penalty	1.375	log10.penalty	1.6	2	625
1.3875	1.4125	1.4 1.6	log10.penalty	1.4	log10.penalty	1.6	2	665
1.4125	1.4375	1.425 1.6	log10.penalty	1.425	log10.penalty	1.6	2	705
1.4375	1.4625	1.45 1.6	log10.penalty	1.45	log10.penalty	1.6	2	745
1.4625	1.4875	1.475 1.6	log10.penalty	1.475	log10.penalty	1.6	2	785
1.4875	1.5125	1.5 1.6	log10.penalty	1.5	log10.penalty	1.6	2	825
1.5125	1.5375	1.525 1.6	log10.penalty	1.525	log10.penalty	1.6	2	865
1.5375	1.5625	1.55 1.6	log10.penalty	1.55	log10.penalty	1.6	2	905
1.5625	1.5875	1.575 1.6	log10.penalty	1.575	log10.penalty	1.6	2	945
1.5875	1.6125	1	log10.penalty	1.6	log10.penalty	1.6	2	1
1.6125	1.6375	1.625 1.6	log10.penalty	1.625	log10.penalty	1.6	2	1026
1.6375	1.6625	1.65 1.6	log10.penalty	1.65	log10.penalty	1.6	2	1066
1.6625	1.6875	1.675 1.6	log10.penalty	1.675	log10.penalty	1.6	2	1106
1.6875	1.7125	1.7 1.6	log10.penalty	1.7	log10.penalty	1.6	2	1146
1.7125	1.7375	1.725 1.6	log10.penalty	1.725	log10.penalty	1.6	2	1186
1.7375	1.7625	1.75 1.6	log10.penalty	1.75	log10.penalty	1.6	2	1226
1.7625	1.7875	1.775 1.6	log10.penalty	1.775	log10.penalty	1.6	2	1266
1.7875	1.8125	1.8 1.6	log10.penalty	1.8	log10.penalty	1.6	2	1306
1.8125	1.8375	1.825 1.6	log10.penalty	1.825	log10.penalty	1.6	2	1346
1.8375	1.8625	1.85 1.6	log10.penalty	1.85	log10.penalty	1.6	2	1386
1.8625	1.8875	1.875 1.6	log10.penalty	1.875	log10.penalty	1.6	2	1426
1.8875	1.9125	1.9 1.6	log10.penalty	1.9	log10.penalty	1.6	2	1466
1.9125	1.9375	1.925 1.6	log10.penalty	1.925	log10.penalty	1.6	2	1506
1.9375	1.9625	1.95 1.6	log10.penalty	1.95	log10.penalty	1.6	2	1546
1.9625	1.9875	1.975 1.6	log10.penalty	1.975	log10.penalty	1.6	2	1586
1.9875	2.0125	2 1.6	log10.penalty	2	log10.penalty	1.6	2	1626
0.9875	1.0125	1 1.625	log10.penalty	1	log10.penalty	1.625	2	26
1.0125	1.0375	1.025 1.625	log10.penalty	1.025	log10.penalty	1.625	2	66
1.0375	1.0625	1.05 1.625	log10.penalty	1.05	log10.penalty	1.625	2	106
1.0625	1.0875	1.075 1.625	log10.penalty	1.075	log10.penalty	1.625	2	146
1.0875	1.1125	1.1 1.625	log10.penalty	1.1	log10.penalty	1.625	2	186
1.1125	1.1375	1.125 1.625	log10.penalty	1.125	log10.penalty	1.625	2	226
1.1375	1.1625	1.15 1.625	log10.penalty	1.15	log10.penalty	1.625	2	266
1.1625	1.1875	1.175 1.625	log10.penalty	1.175	log10.penalty	1.625	2	306
1.1875	1.2125	1.2 1.625	log10.penalty	1.2	log10.penalty	1.625	2	346
1.2125	1.2375	1.225 1.625	log10.penalty	1.225	log10.penalty	1.625	2	386
1.2375	1.2625	1.25 1.625	log10.penalty	1.25	log10.penalty	1.625	2	426
1.2625	1.2875	1.275 1.625	log10.penalty	1.275	log10.penalty	1.625	2	466
1.2875	1.3125	1.3 1.625	log10.penalty	1.3	log10.penalty	1.625	2	506
1.3125	1.3375	1.325 1.625	log10.penalty	1.325	log10.penalty	1.625	2	546
1.3375	1.3625	1.35 1.625	log10.penalty	1.35	log10.penalty	1.625	2	586
1.3625	1.3875	1.375 1.625	log10.penalty	1.375	log10.penalty	1.625	2	626
1.3875	1.4125	1.4 1.625	log10.penalty	1.4	log10.penalty	1.625	2	666
1.4125	1.4375	1.425 1.625	log10.penalty	1.425	log10.penalty	1.625	2	706
1.4375	1.4625	1.45 1.625	log10.penalty	1.45	log10.penalty	1.625	2	746
1.4625	1.4875	1.475 1.625	log10.penalty	1.475	log10.penalty	1.625	2	786
1.4875	1.5125	1.5 1.625	log10.penalty	1.5	log10.penalty	1.625	2	826
1.5125	1.5375	1.525 1.625	log10.penalty	1.525	log10.penalty	1.625	2	866
1.5375	1.5625	1.55 1.625	log10.penalty	1.55	log10.penalty	1.625	2	906
1.5625	1.5875	1.575 1.625	log10.penalty	1.575	log10.penalty	1.625	2	946
1.5875	1.6125	1.6 1.625	log10.penalty	1.6	log10.penalty	1.625	2	986
1.6125	1.6375	1	log10.penalty	1.625	log10.penalty	1.625	2	1
1.6375	1.6625	1.65 1.625	log10.penalty	1.65	log10.penalty	1.625	2	1067
1.6625	1.6875	1.675 1.625	log10.penalty	1.675	log10.penalty	1.625	2	1107
1.6875	1.7125	1.7 1.625	log10.penalty	1.7	log10.penalty	1.625	2	1147
1.7125	1.7375	1.725 1.625	log10.penalty	1.725	log10.penalty	1.625	2	1187
1.7375	1.7625	1.75 1.625	log10.penalty	1.75	log10.penalty	1.625	2	1227
1.7625	1.7875	1.775 1.625	log10.penalty	1.775	log10.penalty	1.625	2	1267
1.7875	1.8125	1.8 1.625	log10.penalty	1.8	log10.penalty	1.625	2	1307
1.8125	1.8375	1.825 1.625	log10.penalty	1.825	log10.penalty	1.625	2	1347
1.8375	1.8625	1.85 1.625	log10.penalty	1.85	log10.penalty	1.625	2	1387
1.8625	1.8875	1.875 1.625	log10.penalty	1.875	log10.penalty	1.625	2	1427
1.8875	1.9125	1.9 1.625	log10.penalty	1.9	log10.penalty	1.625	2	1467
1.9125	1.9375	1.925 1.625	log10.penalty	1.925	log10.penalty	1.625	2	1507
1.9375	1.9625	1.95 1.625	log10.penalty	1.95	log10.penalty	1.625	2	1547
1.9625	1.9875	1.975 1.625	log10.penalty	1.975	log10.penalty	1.625	2	1587
1.9875	2.0125	2 1.625	log10.penalty	2	log10.penalty	1.625	2	1627
0.9875	1.0125	1 1.65	log10.penalty	1	log10.penalty	1.65	2	27
1.0125	1.0375	1.025 1.65	log10.penalty	1.025	log10.penalty	1.65	2	67
1.0375	1.0625	1.05 1.65	log10.penalty	1.05	log10.penalty	1.65	2	107
1.0625	1.0875	1.075 1.65	log10.penalty	1.075	log10.penalty	1.65	2	147
1.0875	1.1125	1.1 1.65	log10.penalty	1.1	log10.penalty	1.65	2	187
1.1125	1.1375	1.125 1.65	log10.penalty	1.125	log10.penalty	1.65	2	227
1.1375	1.1625	1.15 1.65	log10.penalty	1.15	log10.penalty	1.65	2	267
1.1625	1.1875	1.175 1.65	log10.penalty	1.175	log10.penalty	1.65	2	307
1.1875	1.2125	1.2 1.65	log10.penalty	1.2	log10.penalty	1.65	2	347
1.2125	1.2375	1.225 1.65	log10.penalty	1.225	log10.penalty	1.65	2	387
1.2375	1.2625	1.25 1.65	log10.penalty	1.25	log10.penalty	1.65	2	427
1.2625	1.2875	1.275 1.65	log10.penalty	1.275	log10.penalty	1.65	2	467
1.2875	1.3125	1.3 1.65	log10.penalty	1.3	log10.penalty	1.65	2	507
1.3125	1.3375	1.325 1.65	log10.penalty	1.325	log10.penalty	1.65	2	547
1.3375	1.3625	1.35 1.65	log10.penalty	1.35	log10.penalty	1.65	2	587
1.3625	1.3875	1.375 1.65	log10.penalty	1.375	log10.penalty	1.65	2	627
1.3875	1.4125	1.4 1.65	log10.penalty	1.4	log10.penalty	1.65	2	667
1.4125	1.4375	1.425 1.65	log10.penalty	1.425	log10.penalty	1.65	2	707
1.4375	1.4625	1.45 1.65	log10.penalty	1.45	log10.penalty	1.65	2	747
1.4625	1.4875	1.475 1.65	log10.penalty	1.475	log10.penalty	1.65	2	787
1.4875	1.5125	1.5 1.65	log10.penalty	1.5	log10.penalty	1.65	2	827
1.5125	1.5375	1.525 1.65	log10.penalty	1.525	log10.penalty	1.65	2	867
1.5375	1.5625	1.55 1.65	log10.penalty	1.55	log10.penalty	1.65	2	907
1.5625	1.5875	1.575 1.65	log10.penalty	1.575	log10.penalty	1.65	2	947
1.5875	1.6125	1.6 1.65	log10.penalty	1.6	log10.penalty	1.65	2	987
1.6125	1.6375	1.625 1.65	log10.penalty	1.625	log10.penalty	1.65	2	1027
1.6375	1.6625	1	log10.penalty	1.65	log10.penalty	1.65	2	1
1.6625	1.6875	1.675 1.65	log10.penalty	1.675	log10.penalty	1.65	2	1108
1.6875	1.7125	1.7 1.65	log10.penalty	1.7	log10.penalty	1.65	2	1148
1.7125	1.7375	1.725 1.65	log10.penalty	1.725	log10.penalty	1.65	2	1188
1.7375	1.7625	1.75 1.65	log10.penalty	1.75	log10.penalty	1.65	2	1228
1.7625	1.7875	1.775 1.65	log10.penalty	1.775	log10.penalty	1.65	2	1268
1.7875	1.8125	1.8 1.65	log10.penalty	1.8	log10.penalty	1.65	2	1308
1.8125	1.8375	1.825 1.65	log10.penalty	1.825	log10.penalty	1.65	2	1348
1.8375	1.8625	1.85 1.65	log10.penalty	1.85	log10.penalty	1.65	2	1388
1.8625	1.8875	1.875 1.65	log10.penalty	1.875	log10.penalty	1.65	2	1428
1.8875	1.9125	1.9 1.65	log10.penalty	1.9	log10.penalty	1.65	2	1468
1.9125	1.9375	1.925 1.65	log10.penalty	1.925	log10.penalty	1.65	2	1508
1.9375	1.9625	1.95 1.65	log10.penalty	1.95	log10.penalty	1.65	2	1548
1.9625	1.9875	1.975 1.65	log10.penalty	1.975	log10.penalty	1.65	2	1588
1.9875	2.0125	2 1.65	log10.penalty	2	log10.penalty	1.65	2	1628
0.9875	1.0125	1 1.675	log10.penalty	1	log10.penalty	1.675	2	28
1.0125	1.0375	1.025 1.675	log10.penalty	1.025	log10.penalty	1.675	2	68
1.0375	1.0625	1.05 1.675	log10.penalty	1.05	log10.penalty	1.675	2	108
1.0625	1.0875	1.075 1.675	log10.penalty	1.075	log10.penalty	1.675	2	148
1.0875	1.1125	1.1 1.675	log10.penalty	1.1	log10.penalty	1.675	2	188
1.1125	1.1375	1.125 1.675	log10.penalty	1.125	log10.penalty	1.675	2	228
1.1375	1.1625	1.15 1.675	log10.penalty	1.15	log10.penalty	1.675	2	268
1.1625	1.1875	1.175 1.675	log10.penalty	1.175	log10.penalty	1.675	2	308
1.1875	1.2125	1.2 1.675	log10.penalty	1.2	log10.penalty	1.675	2	348
1.2125	1.2375	1.225 1.675	log10.penalty	1.225	log10.penalty	1.675	2	388
1.2375	1.2625	1.25 1.675	log10.penalty	1.25	log10.penalty	1.675	2	428
1.2625	1.2875	1.275 1.675	log10.penalty	1.275	log10.penalty	1.675	2	468
1.2875	1.3125	1.3 1.675	log10.penalty	1.3	log10.penalty	1.675	2	508
1.3125	1.3375	1.325 1.675	log10.penalty	1.325	log10.penalty	1.675	2	548
1.3375	1.3625	1.35 1.675	log10.penalty	1.35	log10.penalty	1.675	2	588
1.3625	1.3875	1.375 1.675	log10.penalty	1.375	log10.penalty	1.675	2	628
1.3875	1.4125	1.4 1.675	log10.penalty	1.4	log10.penalty	1.675	2	668
1.4125	1.4375	1.425 1.675	log10.penalty	1.425	log10.penalty	1.675	2	708
1.4375	1.4625	1.45 1.675	log10.penalty	1.45	log10.penalty	1.675	2	748
1.4625	1.4875	1.475 1.675	log10.penalty	1.475	log10.penalty	1.675	2	788
1.4875	1.5125	1.5 1.675	log10.penalty	1.5	log10.penalty	1.675	2	828
1.5125	1.5375	1.525 1.675	log10.penalty	1.525	log10.penalty	1.675	2	868
1.5375	1.5625	1.55 1.675	log10.penalty	1.55	log10.penalty	1.675	2	908
1.5625	1.5875	1.575 1.675	log10.penalty	1.575	log10.penalty	1.675	2	948
1.5875	1.6125	1.6 1.675	log10.penalty	1.6	log10.penalty	1.675	2	988
1.6125	1.6375	1.625 1.675	log10.penalty	1.625	log10.penalty	1.675	2	1028
1.6375	1.6625	1.65 1.675	log10.penalty	1.65	log10.penalty	1.675	2	1068
1.6625	1.6875	1	log10.penalty	1.675	log10.penalty	1.675	2	1
1.6875	1.7125	1.7 1.675	log10.penalty	1.7	log10.penalty	1.675	2	1149
1.7125	1.7375	1.725 1.675	log10.penalty	1.725	log10.penalty	1.675	2	1189
1.7375	1.7625	1.75 1.675	log10.penalty	1.75	log10.penalty	1.675	2	1229
1.7625	1.7875	1.775 1.675	log10.penalty	1.775	log10.penalty	1.675	2	1269
1.7875	1.8125	1.8 1.675	log10.penalty	1.8	log10.penalty	1.675	2	1309
1.8125	1.8375	1.825 1.675	log10.penalty	1.825	log10.penalty	1.675	2	1349
1.8375	1.8625	1.85 1.675	log10.penalty	1.85	log10.penalty	1.675	2	1389
1.8625	1.8875	1.875 1.675	log10.penalty	1.875	log10.penalty	1.675	2	1429
1.8875	1.9125	1.9 1.675	log10.penalty	1.9	log10.penalty	1.675	2	1469
1.9125	1.9375	1.925 1.675	log10.penalty	1.925	log10.penalty	1.675	2	1509
1.9375	1.9625	1.95 1.675	log10.penalty	1.95	log10.penalty	1.675	2	1549
1.9625	1.9875	1.975 1.675	log10.penalty	1.975	log10.penalty	1.675	2	1589
1.9875	2.0125	2 1.675	log10.penalty	2	log10.penalty	1.675	2	1629
0.9875	1.0125	1 1.7	log10.penalty	1	log10.penalty	1.7	2	29
1.0125	1.0375	1.025 1.7	log10.penalty	1.025	log10.penalty	1.7	2	69
1.0375	1.0625	1.05 1.7	log10.penalty	1.05	log10.penalty	1.7	2	109
1.0625	1.0875	1.075 1.7	log10.penalty	1.075	log10.penalty	1.7	2	149
1.0875	1.1125	1.1 1.7	log10.penalty	1.1	log10.penalty	1.7	2	189
1.1125	1.1375	1.125 1.7	log10.penalty	1.125	log10.penalty	1.7	2	229
1.1375	1.1625	1.15 1.7	log10.penalty	1.15	log10.penalty	1.7	2	269
1.1625	1.1875	1.175 1.7	log10.penalty	1.175	log10.penalty	1.7	2	309
1.1875	1.2125	1.2 1.7	log10.penalty	1.2	log10.penalty	1.7	2	349
1.2125	1.2375	1.225 1.7	log10.penalty	1.225	log10.penalty	1.7	2	389
1.2375	1.2625	1.25 1.7	log10.penalty	1.25	log10.penalty	1.7	2	429
1.2625	1.2875	1.275 1.7	log10.penalty	1.275	log10.penalty	1.7	2	469
1.2875	1.3125	1.3 1.7	log10.penalty	1.3	log10.penalty	1.7	2	509
1.3125	1.3375	1.325 1.7	log10.penalty	1.325	log10.penalty	1.7	2	549
1.3375	1.3625	1.35 1.7	log10.penalty	1.35	log10.penalty	1.7	2	589
1.3625	1.3875	1.375 1.7	log10.penalty	1.375	log10.penalty	1.7	2	629
1.3875	1.4125	1.4 1.7	log10.penalty	1.4	log10.penalty	1.7	2	669
1.4125	1.4375	1.425 1.7	log10.penalty	1.425	log10.penalty	1.7	2	709
1.4375	1.4625	1.45 1.7	log10.penalty	1.45	log10.penalty	1.7	2	749
1.4625	1.4875	1.475 1.7	log10.penalty	1.475	log10.penalty	1.7	2	789
1.4875	1.5125	1.5 1.7	log10.penalty	1.5	log10.penalty	1.7	2	829
1.5125	1.5375	1.525 1.7	log10.penalty	1.525	log10.penalty	1.7	2	869
1.5375	1.5625	1.55 1.7	log10.penalty	1.55	log10.penalty	1.7	2	909
1.5625	1.5875	1.575 1.7	log10.penalty	1.575	log10.penalty	1.7	2	949
1.5875	1.6125	1.6 1.7	log10.penalty	1.6	log10.penalty	1.7	2	989
1.6125	1.6375	1.625 1.7	log10.penalty	1.625	log10.penalty	1.7	2	1029
1.6375	1.6625	1.65 1.7	log10.penalty	1.65	log10.penalty	1.7	2	1069
1.6625	1.6875	1.675 1.7	log10.penalty	1.675	log10.penalty	1.7	2	1109
1.6875	1.7125	1	log10.penalty	1.7	log10.penalty	1.7	2	1
1.7125	1.7375	1.725 1.7	log10.penalty	1.725	log10.penalty	1.7	2	1190
1.7375	1.7625	1.75 1.7	log10.penalty	1.75	log10.penalty	1.7	2	1230
1.7625	1.7875	1.775 1.7	log10.penalty	1.775	log10.penalty	1.7	2	1270
1.7875	1.8125	1.8 1.7	log10.penalty	1.8	log10.penalty	1.7	2	1310
1.8125	1.8375	1.825 1.7	log10.penalty	1.825	log10.penalty	1.7	2	1350
1.8375	1.8625	1.85 1.7	log10.penalty	1.85	log10.penalty	1.7	2	1390
1.8625	1.8875	1.875 1.7	log10.penalty	1.875	log10.penalty	1.7	2	1430
1.8875	1.9125	1.9 1.7	log10.penalty	1.9	log10.penalty	1.7	2	1470
1.9125	1.9375	1.925 1.7	log10.penalty	1.925	log10.penalty	1.7	2	1510
1.9375	1.9625	1.95 1.7	log10.penalty	1.95	log10.penalty	1.7	2	1550
1.9625	1.9875	1.975 1.7	log10.penalty	1.975	log10.penalty	1.7	2	1590
1.9875	2.0125	2 1.7	log10.penalty	2	log10.penalty	1.7	2	1630
0.9875	1.0125	1 1.725	log10.penalty	1	log10.penalty	1.725	2	30
1.0125	1.0375	1.025 1.725	log10.penalty	1.025	log10.penalty	1.725	2	70
1.0375	1.0625	1.05 1.725	log10.penalty	1.05	log10.penalty	1.725	2	110
1.0625	1.0875	1.075 1.725	log10.penalty	1.075	log10.penalty	1.725	2	150
1.0875	1.1125	1.1 1.725	log10.penalty	1.1	log10.penalty	1.725	2	190
1.1125	1.1375	1.125 1.725	log10.penalty	1.125	log10.penalty	1.725	2	230
1.1375	1.1625	1.15 1.725	log10.penalty	1.15	log10.penalty	1.725	2	270
1.1625	1.1875	1.175 1.725	log10.penalty	1.175	log10.penalty	1.725	2	310
1.1875	1.2125	1.2 1.725	log10.penalty	1.2	log10.penalty	1.725	2	350
1.2125	1.2375	1.225 1.725	log10.penalty	1.225	log10.penalty	1.725	2	390
1.2375	1.2625	1.25 1.725	log10.penalty	1.25	log10.penalty	1.725	2	430
1.2625	1.2875	1.275 1.725	log10.penalty	1.275	log10.penalty	1.725	2	470
1.2875	1.3125	1.3 1.725	log10.penalty	1.3	log10.penalty	1.725	2	510
1.3125	1.3375	1.325 1.725	log10.penalty	1.325	log10.penalty	1.725	2	550
1.3375	1.3625	1.35 1.725	log10.penalty	1.35	log10.penalty	1.725	2	590
1.3625	1.3875	1.375 1.725	log10.penalty	1.375	log10.penalty	1.725	2	630
1.3875	1.4125	1.4 1.725	log10.penalty	1.4	log10.penalty	1.725	2	670
1.4125	1.4375	1.425 1.725	log10.penalty	1.425	log10.penalty	1.725	2	710
1.4375	1.4625	1.45 1.725	log10.penalty	1.45	log10.penalty	1.725	2	750
1.4625	1.4875	1.475 1.725	log10.penalty	1.475	log10.penalty	1.725	2	790
1.4875	1.5125	1.5 1.725	log10.penalty	1.5	log10.penalty	1.725	2	830
1.5125	1.5375	1.525 1.725	log10.penalty	1.525	log10.penalty	1.725	2	870
1.5375	1.5625	1.55 1.725	log10.penalty	1.55	log10.penalty	1.725	2	910
1.5625	1.5875	1.575 1.725	log10.penalty	1.575	log10.penalty	1.725	2	950
1.5875	1.6125	1.6 1.725	log10.penalty	1.6	log10.penalty	1.725	2	990
1.6125	1.6375	1.625 1.725	log10.penalty	1.625	log10.penalty	1.725	2	1030
1.6375	1.6625	1.65 1.725	log10.penalty	1.65	log10.penalty	1.725	2	1070
1.6625	1.6875	1.675 1.725	log10.penalty	1.675	log10.penalty	1.725	2	1110
1.6875	1.7125	1.7 1.725	log10.penalty	1.7	log10.penalty	1.725	2	1150
1.7125	1.7375	1	log10.penalty	1.725	log10.penalty	1.725	2	1
1.7375	1.7625	1.75 1.725	log10.penalty	1.75	log10.penalty	1.725	2	1231
1.7625	1.7875	1.775 1.725	log10.penalty	1.775	log10.penalty	1.725	2	1271
1.7875	1.8125	1.8 1.725	log10.penalty	1.8	log10.penalty	1.725	2	1311
1.8125	1.8375	1.825 1.725	log10.penalty	1.825	log10.penalty	1.725	2	1351
1.8375	1.8625	1.85 1.725	log10.penalty	1.85	log10.penalty	1.725	2	1391
1.8625	1.8875	1.875 1.725	log10.penalty	1.875	log10.penalty	1.725	2	1431
1.8875	1.9125	1.9 1.725	log10.penalty	1.9	log10.penalty	1.725	2	1471
1.9125	1.9375	1.925 1.725	log10.penalty	1.925	log10.penalty	1.725	2	1511
1.9375	1.9625	1.95 1.725	log10.penalty	1.95	log10.penalty	1.725	2	1551
1.9625	1.9875	1.975 1.725	log10.penalty	1.975	log10.penalty	1.725	2	1591
1.9875	2.0125	2 1.725	log10.penalty	2	log10.penalty	1.725	2	1631
0.9875	1.0125	1 1.75	log10.penalty	1	log10.penalty	1.75	2	31
1.0125	1.0375	1.025 1.75	log10.penalty	1.025	log10.penalty	1.75	2	71
1.0375	1.0625	1.05 1.75	log10.penalty	1.05	log10.penalty	1.75	2	111
1.0625	1.0875	1.075 1.75	log10.penalty	1.075	log10.penalty	1.75	2	151
1.0875	1.1125	1.1 1.75	log10.penalty	1.1	log10.penalty	1.75	2	191
1.1125	1.1375	1.125 1.75	log10.penalty	1.125	log10.penalty	1.75	2	231
1.1375	1.1625	1.15 1.75	log10.penalty	1.15	log10.penalty	1.75	2	271
1.1625	1.1875	1.175 1.75	log10.penalty	1.175	log10.penalty	1.75	2	311
1.1875	1.2125	1.2 1.75	log10.penalty	1.2	log10.penalty	1.75	2	351
1.2125	1.2375	1.225 1.75	log10.penalty	1.225	log10.penalty	1.75	2	391
1.2375	1.2625	1.25 1.75	log10.penalty	1.25	log10.penalty	1.75	2	431
1.2625	1.2875	1.275 1.75	log10.penalty	1.275	log10.penalty	1.75	2	471
1.2875	1.3125	1.3 1.75	log10.penalty	1.3	log10.penalty	1.75	2	511
1.3125	1.3375	1.325 1.75	log10.penalty	1.325	log10.penalty	1.75	2	551
1.3375	1.3625	1.35 1.75	log10.penalty	1.35	log10.penalty	1.75	2	591
1.3625	1.3875	1.375 1.75	log10.penalty	1.375	log10.penalty	1.75	2	631
1.3875	1.4125	1.4 1.75	log10.penalty	1.4	log10.penalty	1.75	2	671
1.4125	1.4375	1.425 1.75	log10.penalty	1.425	log10.penalty	1.75	2	711
1.4375	1.4625	1.45 1.75	log10.penalty	1.45	log10.penalty	1.75	2	751
1.4625	1.4875	1.475 1.75	log10.penalty	1.475	log10.penalty	1.75	2	791
1.4875	1.5125	1.5 1.75	log10.penalty	1.5	log10.penalty	1.75	2	831
1.5125	1.5375	1.525 1.75	log10.penalty	1.525	log10.penalty	1.75	2	871
1.5375	1.5625	1.55 1.75	log10.penalty	1.55	log10.penalty	1.75	2	911
1.5625	1.5875	1.575 1.75	log10.penalty	1.575	log10.penalty	1.75	2	951
1.5875	1.6125	1.6 1.75	log10.penalty	1.6	log10.penalty	1.75	2	991
1.6125	1.6375	1.625 1.75	log10.penalty	1.625	log10.penalty	1.75	2	1031
1.6375	1.6625	1.65 1.75	log10.penalty	1.65	log10.penalty	1.75	2	1071
1.6625	1.6875	1.675 1.75	log10.penalty	1.675	log10.penalty	1.75	2	1111
1.6875	1.7125	1.7 1.75	log10.penalty	1.7	log10.penalty	1.75	2	1151
1.7125	1.7375	1.725 1.75	log10.penalty	1.725	log10.penalty	1.75	2	1191
1.7375	1.7625	1	log10.penalty	1.75	log10.penalty	1.75	2	1
1.7625	1.7875	1.775 1.75	log10.penalty	1.775	log10.penalty	1.75	2	1272
1.7875	1.8125	1.8 1.75	log10.penalty	1.8	log10.penalty	1.75	2	1312
1.8125	1.8375	1.825 1.75	log10.penalty	1.825	log10.penalty	1.75	2	1352
1.8375	1.8625	1.85 1.75	log10.penalty	1.85	log10.penalty	1.75	2	1392
1.8625	1.8875	1.875 1.75	log10.penalty	1.875	log10.penalty	1.75	2	1432
1.8875	1.9125	1.9 1.75	log10.penalty	1.9	log10.penalty	1.75	2	1472
1.9125	1.9375	1.925 1.75	log10.penalty	1.925	log10.penalty	1.75	2	1512
1.9375	1.9625	1.95 1.75	log10.penalty	1.95	log10.penalty	1.75	2	1552
1.9625	1.9875	1.975 1.75	log10.penalty	1.975	log10.penalty	1.75	2	1592
1.9875	2.0125	2 1.75	log10.penalty	2	log10.penalty	1.75	2	1632
0.9875	1.0125	1 1.775	log10.penalty	1	log10.penalty	1.775	2	32
1.0125	1.0375	1.025 1.775	log10.penalty	1.025	log10.penalty	1.775	2	72
1.0375	1.0625	1.05 1.775	log10.penalty	1.05	log10.penalty	1.775	2	112
1.0625	1.0875	1.075 1.775	log10.penalty	1.075	log10.penalty	1.775	2	152
1.0875	1.1125	1.1 1.775	log10.penalty	1.1	log10.penalty	1.775	2	192
1.1125	1.1375	1.125 1.775	log10.penalty	1.125	log10.penalty	1.775	2	232
1.1375	1.1625	1.15 1.775	log10.penalty	1.15	log10.penalty	1.775	2	272
1.1625	1.1875	1.175 1.775	log10.penalty	1.175	log10.penalty	1.775	2	312
1.1875	1.2125	1.2 1.775	log10.penalty	1.2	log10.penalty	1.775	2	352
1.2125	1.2375	1.225 1.775	log10.penalty	1.225	log10.penalty	1.775	2	392
1.2375	1.2625	1.25 1.775	log10.penalty	1.25	log10.penalty	1.775	2	432
1.2625	1.2875	1.275 1.775	log10.penalty	1.275	log10.penalty	1.775	2	472
1.2875	1.3125	1.3 1.775	log10.penalty	1.3	log10.penalty	1.775	2	512
1.3125	1.3375	1.325 1.775	log10.penalty	1.325	log10.penalty	1.775	2	552
1.3375	1.3625	1.35 1.775	log10.penalty	1.35	log10.penalty	1.775	2	592
1.3625	1.3875	1.375 1.775	log10.penalty	1.375	log10.penalty	1.775	2	632
1.3875	1.4125	1.4 1.775	log10.penalty	1.4	log10.penalty	1.775	2	672
1.4125	1.4375	1.425 1.775	log10.penalty	1.425	log10.penalty	1.775	2	712
1.4375	1.4625	1.45 1.775	log10.penalty	1.45	log10.penalty	1.775	2	752
1.4625	1.4875	1.475 1.775	log10.penalty	1.475	log10.penalty	1.775	2	792
1.4875	1.5125	1.5 1.775	log10.penalty	1.5	log10.penalty	1.775	2	832
1.5125	1.5375	1.525 1.775	log10.penalty	1.525	log10.penalty	1.775	2	872
1.5375	1.5625	1.55 1.775	log10.penalty	1.55	log10.penalty	1.775	2	912
1.5625	1.5875	1.575 1.775	log10.penalty	1.575	log10.penalty	1.775	2	952
1.5875	1.6125	1.6 1.775	log10.penalty	1.6	log10.penalty	1.775	2	992
1.6125	1.6375	1.625 1.775	log10.penalty	1.625	log10.penalty	1.775	2	1032
1.6375	1.6625	1.65 1.775	log10.penalty	1.65	log10.penalty	1.775	2	1072
1.6625	1.6875	1.675 1.775	log10.penalty	1.675	log10.penalty	1.775	2	1112
1.6875	1.7125	1.7 1.775	log10.penalty	1.7	log10.penalty	1.775	2	1152
1.7125	1.7375	1.725 1.775	log10.penalty	1.725	log10.penalty	1.775	2	1192
1.7375	1.7625	1.75 1.775	log10.penalty	1.75	log10.penalty	1.775	2	1232
1.7625	1.7875	1	log10.penalty	1.775	log10.penalty	1.775	2	1
1.7875	1.8125	1.8 1.775	log10.penalty	1.8	log10.penalty	1.775	2	1313
1.8125	1.8375	1.825 1.775	log10.penalty	1.825	log10.penalty	1.775	2	1353
1.8375	1.8625	1.85 1.775	log10.penalty	1.85	log10.penalty	1.775	2	1393
1.8625	1.8875	1.875 1.775	log10.penalty	1.875	log10.penalty	1.775	2	1433
1.8875	1.9125	1.9 1.775	log10.penalty	1.9	log10.penalty	1.775	2	1473
1.9125	1.9375	1.925 1.775	log10.penalty	1.925	log10.penalty	1.775	2	1513
1.9375	1.9625	1.95 1.775	log10.penalty	1.95	log10.penalty	1.775	2	1553
1.9625	1.9875	1.975 1.775	log10.penalty	1.975	log10.penalty	1.775	2	1593
1.9875	2.0125	2 1.775	log10.penalty	2	log10.penalty	1.775	2	1633
0.9875	1.0125	1 1.8	log10.penalty	1	log10.penalty	1.8	2	33
1.0125	1.0375	1.025 1.8	log10.penalty	1.025	log10.penalty	1.8	2	73
1.0375	1.0625	1.05 1.8	log10.penalty	1.05	log10.penalty	1.8	2	113
1.0625	1.0875	1.075 1.8	log10.penalty	1.075	log10.penalty	1.8	2	153
1.0875	1.1125	1.1 1.8	log10.penalty	1.1	log10.penalty	1.8	2	193
1.1125	1.1375	1.125 1.8	log10.penalty	1.125	log10.penalty	1.8	2	233
1.1375	1.1625	1.15 1.8	log10.penalty	1.15	log10.penalty	1.8	2	273
1.1625	1.1875	1.175 1.8	log10.penalty	1.175	log10.penalty	1.8	2	313
1.1875	1.2125	1.2 1.8	log10.penalty	1.2	log10.penalty	1.8	2	353
1.2125	1.2375	1.225 1.8	log10.penalty	1.225	log10.penalty	1.8	2	393
1.2375	1.2625	1.25 1.8	log10.penalty	1.25	log10.penalty	1.8	2	433
1.2625	1.2875	1.275 1.8	log10.penalty	1.275	log10.penalty	1.8	2	473
1.2875	1.3125	1.3 1.8	log10.penalty	1.3	log10.penalty	1.8	2	513
1.3125	1.3375	1.325 1.8	log10.penalty	1.325	log10.penalty	1.8	2	553
1.3375	1.3625	1.35 1.8	log10.penalty	1.35	log10.penalty	1.8	2	593
1.3625	1.3875	1.375 1.8	log10.penalty	1.375	log10.penalty	1.8	2	633
1.3875	1.4125	1.4 1.8	log10.penalty	1.4	log10.penalty	1.8	2	673
1.4125	1.4375	1.425 1.8	log10.penalty	1.425	log10.penalty	1.8	2	713
1.4375	1.4625	1.45 1.8	log10.penalty	1.45	log10.penalty	1.8	2	753
1.4625	1.4875	1.475 1.8	log10.penalty	1.475	log10.penalty	1.8	2	793
1.4875	1.5125	1.5 1.8	log10.penalty	1.5	log10.penalty	1.8	2	833
1.5125	1.5375	1.525 1.8	log10.penalty	1.525	log10.penalty	1.8	2	873
1.5375	1.5625	1.55 1.8	log10.penalty	1.55	log10.penalty	1.8	2	913
1.5625	1.5875	1.575 1.8	log10.penalty	1.575	log10.penalty	1.8	2	953
1.5875	1.6125	1.6 1.8	log10.penalty	1.6	log10.penalty	1.8	2	993
1.6125	1.6375	1.625 1.8	log10.penalty	1.625	log10.penalty	1.8	2	1033
1.6375	1.6625	1.65 1.8	log10.penalty	1.65	log10.penalty	1.8	2	1073
1.6625	1.6875	1.675 1.8	log10.penalty	1.675	log10.penalty	1.8	2	1113
1.6875	1.7125	1.7 1.8	log10.penalty	1.7	log10.penalty	1.8	2	1153
1.7125	1.7375	1.725 1.8	log10.penalty	1.725	log10.penalty	1.8	2	1193
1.7375	1.7625	1.75 1.8	log10.penalty	1.75	log10.penalty	1.8	2	1233
1.7625	1.7875	1.775 1.8	log10.penalty	1.775	log10.penalty	1.8	2	1273
1.7875	1.8125	1	log10.penalty	1.8	log10.penalty	1.8	2	1
1.8125	1.8375	1.825 1.8	log10.penalty	1.825	log10.penalty	1.8	2	1354
1.8375	1.8625	1.85 1.8	log10.penalty	1.85	log10.penalty	1.8	2	1394
1.8625	1.8875	1.875 1.8	log10.penalty	1.875	log10.penalty	1.8	2	1434
1.8875	1.9125	1.9 1.8	log10.penalty	1.9	log10.penalty	1.8	2	1474
1.9125	1.9375	1.925 1.8	log10.penalty	1.925	log10.penalty	1.8	2	1514
1.9375	1.9625	1.95 1.8	log10.penalty	1.95	log10.penalty	1.8	2	1554
1.9625	1.9875	1.975 1.8	log10.penalty	1.975	log10.penalty	1.8	2	1594
1.9875	2.0125	2 1.8	log10.penalty	2	log10.penalty	1.8	2	1634
0.9875	1.0125	1 1.825	log10.penalty	1	log10.penalty	1.825	2	34
1.0125	1.0375	1.025 1.825	log10.penalty	1.025	log10.penalty	1.825	2	74
1.0375	1.0625	1.05 1.825	log10.penalty	1.05	log10.penalty	1.825	2	114
1.0625	1.0875	1.075 1.825	log10.penalty	1.075	log10.penalty	1.825	2	154
1.0875	1.1125	1.1 1.825	log10.penalty	1.1	log10.penalty	1.825	2	194
1.1125	1.1375	1.125 1.825	log10.penalty	1.125	log10.penalty	1.825	2	234
1.1375	1.1625	1.15 1.825	log10.penalty	1.15	log10.penalty	1.825	2	274
1.1625	1.1875	1.175 1.825	log10.penalty	1.175	log10.penalty	1.825	2	314
1.1875	1.2125	1.2 1.825	log10.penalty	1.2	log10.penalty	1.825	2	354
1.2125	1.2375	1.225 1.825	log10.penalty	1.225	log10.penalty	1.825	2	394
1.2375	1.2625	1.25 1.825	log10.penalty	1.25	log10.penalty	1.825	2	434
1.2625	1.2875	1.275 1.825	log10.penalty	1.275	log10.penalty	1.825	2	474
1.2875	1.3125	1.3 1.825	log10.penalty	1.3	log10.penalty	1.825	2	514
1.3125	1.3375	1.325 1.825	log10.penalty	1.325	log10.penalty	1.825	2	554
1.3375	1.3625	1.35 1.825	log10.penalty	1.35	log10.penalty	1.825	2	594
1.3625	1.3875	1.375 1.825	log10.penalty	1.375	log10.penalty	1.825	2	634
1.3875	1.4125	1.4 1.825	log10.penalty	1.4	log10.penalty	1.825	2	674
1.4125	1.4375	1.425 1.825	log10.penalty	1.425	log10.penalty	1.825	2	714
1.4375	1.4625	1.45 1.825	log10.penalty	1.45	log10.penalty	1.825	2	754
1.4625	1.4875	1.475 1.825	log10.penalty	1.475	log10.penalty	1.825	2	794
1.4875	1.5125	1.5 1.825	log10.penalty	1.5	log10.penalty	1.825	2	834
1.5125	1.5375	1.525 1.825	log10.penalty	1.525	log10.penalty	1.825	2	874
1.5375	1.5625	1.55 1.825	log10.penalty	1.55	log10.penalty	1.825	2	914
1.5625	1.5875	1.575 1.825	log10.penalty	1.575	log10.penalty	1.825	2	954
1.5875	1.6125	1.6 1.825	log10.penalty	1.6	log10.penalty	1.825	2	994
1.6125	1.6375	1.625 1.825	log10.penalty	1.625	log10.penalty	1.825	2	1034
1.6375	1.6625	1.65 1.825	log10.penalty	1.65	log10.penalty	1.825	2	1074
1.6625	1.6875	1.675 1.825	log10.penalty	1.675	log10.penalty	1.825	2	1114
1.6875	1.7125	1.7 1.825	log10.penalty	1.7	log10.penalty	1.825	2	1154
1.7125	1.7375	1.725 1.825	log10.penalty	1.725	log10.penalty	1.825	2	1194
1.7375	1.7625	1.75 1.825	log10.penalty	1.75	log10.penalty	1.825	2	1234
1.7625	1.7875	1.775 1.825	log10.penalty	1.775	log10.penalty	1.825	2	1274
1.7875	1.8125	1.8 1.825	log10.penalty	1.8	log10.penalty	1.825	2	1314
1.8125	1.8375	1	log10.penalty	1.825	log10.penalty	1.825	2	1
1.8375	1.8625	1.85 1.825	log10.penalty	1.85	log10.penalty	1.825	2	1395
1.8625	1.8875	1.875 1.825	log10.penalty	1.875	log10.penalty	1.825	2	1435
1.8875	1.9125	1.9 1.825	log10.penalty	1.9	log10.penalty	1.825	2	1475
1.9125	1.9375	1.925 1.825	log10.penalty	1.925	log10.penalty	1.825	2	1515
1.9375	1.9625	1.95 1.825	log10.penalty	1.95	log10.penalty	1.825	2	1555
1.9625	1.9875	1.975 1.825	log10.penalty	1.975	log10.penalty	1.825	2	1595
1.9875	2.0125	2 1.825	log10.penalty	2	log10.penalty	1.825	2	1635
0.9875	1.0125	1 1.85	log10.penalty	1	log10.penalty	1.85	2	35
1.0125	1.0375	1.025 1.85	log10.penalty	1.025	log10.penalty	1.85	2	75
1.0375	1.0625	1.05 1.85	log10.penalty	1.05	log10.penalty	1.85	2	115
1.0625	1.0875	1.075 1.85	log10.penalty	1.075	log10.penalty	1.85	2	155
1.0875	1.1125	1.1 1.85	log10.penalty	1.1	log10.penalty	1.85	2	195
1.1125	1.1375	1.125 1.85	log10.penalty	1.125	log10.penalty	1.85	2	235
1.1375	1.1625	1.15 1.85	log10.penalty	1.15	log10.penalty	1.85	2	275
1.1625	1.1875	1.175 1.85	log10.penalty	1.175	log10.penalty	1.85	2	315
1.1875	1.2125	1.2 1.85	log10.penalty	1.2	log10.penalty	1.85	2	355
1.2125	1.2375	1.225 1.85	log10.penalty	1.225	log10.penalty	1.85	2	395
1.2375	1.2625	1.25 1.85	log10.penalty	1.25	log10.penalty	1.85	2	435
1.2625	1.2875	1.275 1.85	log10.penalty	1.275	log10.penalty	1.85	2	475
1.2875	1.3125	1.3 1.85	log10.penalty	1.3	log10.penalty	1.85	2	515
1.3125	1.3375	1.325 1.85	log10.penalty	1.325	log10.penalty	1.85	2	555
1.3375	1.3625	1.35 1.85	log10.penalty	1.35	log10.penalty	1.85	2	595
1.3625	1.3875	1.375 1.85	log10.penalty	1.375	log10.penalty	1.85	2	635
1.3875	1.4125	1.4 1.85	log10.penalty	1.4	log10.penalty	1.85	2	675
1.4125	1.4375	1.425 1.85	log10.penalty	1.425	log10.penalty	1.85	2	715
1.4375	1.4625	1.45 1.85	log10.penalty	1.45	log10.penalty	1.85	2	755
1.4625	1.4875	1.475 1.85	log10.penalty	1.475	log10.penalty	1.85	2	795
1.4875	1.5125	1.5 1.85	log10.penalty	1.5	log10.penalty	1.85	2	835
1.5125	1.5375	1.525 1.85	log10.penalty	1.525	log10.penalty	1.85	2	875
1.5375	1.5625	1.55 1.85	log10.penalty	1.55	log10.penalty	1.85	2	915
1.5625	1.5875	1.575 1.85	log10.penalty	1.575	log10.penalty	1.85	2	955
1.5875	1.6125	1.6 1.85	log10.penalty	1.6	log10.penalty	1.85	2	995
1.6125	1.6375	1.625 1.85	log10.penalty	1.625	log10.penalty	1.85	2	1035
1.6375	1.6625	1.65 1.85	log10.penalty	1.65	log10.penalty	1.85	2	1075
1.6625	1.6875	1.675 1.85	log10.penalty	1.675	log10.penalty	1.85	2	1115
1.6875	1.7125	1.7 1.85	log10.penalty	1.7	log10.penalty	1.85	2	1155
1.7125	1.7375	1.725 1.85	log10.penalty	1.725	log10.penalty	1.85	2	1195
1.7375	1.7625	1.75 1.85	log10.penalty	1.75	log10.penalty	1.85	2	1235
1.7625	1.7875	1.775 1.85	log10.penalty	1.775	log10.penalty	1.85	2	1275
1.7875	1.8125	1.8 1.85	log10.penalty	1.8	log10.penalty	1.85	2	1315
1.8125	1.8375	1.825 1.85	log10.penalty	1.825	log10.penalty	1.85	2	1355
1.8375	1.8625	1	log10.penalty	1.85	log10.penalty	1.85	2	1
1.8625	1.8875	1.875 1.85	log10.penalty	1.875	log10.penalty	1.85	2	1436
1.8875	1.9125	1.9 1.85	log10.penalty	1.9	log10.penalty	1.85	2	1476
1.9125	1.9375	1.925 1.85	log10.penalty	1.925	log10.penalty	1.85	2	1516
1.9375	1.9625	1.95 1.85	log10.penalty	1.95	log10.penalty	1.85	2	1556
1.9625	1.9875	1.975 1.85	log10.penalty	1.975	log10.penalty	1.85	2	1596
1.9875	2.0125	2 1.85	log10.penalty	2	log10.penalty	1.85	2	1636
0.9875	1.0125	1 1.875	log10.penalty	1	log10.penalty	1.875	2	36
1.0125	1.0375	1.025 1.875	log10.penalty	1.025	log10.penalty	1.875	2	76
1.0375	1.0625	1.05 1.875	log10.penalty	1.05	log10.penalty	1.875	2	116
1.0625	1.0875	1.075 1.875	log10.penalty	1.075	log10.penalty	1.875	2	156
1.0875	1.1125	1.1 1.875	log10.penalty	1.1	log10.penalty	1.875	2	196
1.1125	1.1375	1.125 1.875	log10.penalty	1.125	log10.penalty	1.875	2	236
1.1375	1.1625	1.15 1.875	log10.penalty	1.15	log10.penalty	1.875	2	276
1.1625	1.1875	1.175 1.875	log10.penalty	1.175	log10.penalty	1.875	2	316
1.1875	1.2125	1.2 1.875	log10.penalty	1.2	log10.penalty	1.875	2	356
1.2125	1.2375	1.225 1.875	log10.penalty	1.225	log10.penalty	1.875	2	396
1.2375	1.2625	1.25 1.875	log10.penalty	1.25	log10.penalty	1.875	2	436
1.2625	1.2875	1.275 1.875	log10.penalty	1.275	log10.penalty	1.875	2	476
1.2875	1.3125	1.3 1.875	log10.penalty	1.3	log10.penalty	1.875	2	516
1.3125	1.3375	1.325 1.875	log10.penalty	1.325	log10.penalty	1.875	2	556
1.3375	1.3625	1.35 1.875	log10.penalty	1.35	log10.penalty	1.875	2	596
1.3625	1.3875	1.375 1.875	log10.penalty	1.375	log10.penalty	1.875	2	636
1.3875	1.4125	1.4 1.875	log10.penalty	1.4	log10.penalty	1.875	2	676
1.4125	1.4375	1.425 1.875	log10.penalty	1.425	log10.penalty	1.875	2	716
1.4375	1.4625	1.45 1.875	log10.penalty	1.45	log10.penalty	1.875	2	756
1.4625	1.4875	1.475 1.875	log10.penalty	1.475	log10.penalty	1.875	2	796
1.4875	1.5125	1.5 1.875	log10.penalty	1.5	log10.penalty	1.875	2	836
1.5125	1.5375	1.525 1.875	log10.penalty	1.525	log10.penalty	1.875	2	876
1.5375	1.5625	1.55 1.875	log10.penalty	1.55	log10.penalty	1.875	2	916
1.5625	1.5875	1.575 1.875	log10.penalty	1.575	log10.penalty	1.875	2	956
1.5875	1.6125	1.6 1.875	log10.penalty	1.6	log10.penalty	1.875	2	996
1.6125	1.6375	1.625 1.875	log10.penalty	1.625	log10.penalty	1.875	2	1036
1.6375	1.6625	1.65 1.875	log10.penalty	1.65	log10.penalty	1.875	2	1076
1.6625	1.6875	1.675 1.875	log10.penalty	1.675	log10.penalty	1.875	2	1116
1.6875	1.7125	1.7 1.875	log10.penalty	1.7	log10.penalty	1.875	2	1156
1.7125	1.7375	1.725 1.875	log10.penalty	1.725	log10.penalty	1.875	2	1196
1.7375	1.7625	1.75 1.875	log10.penalty	1.75	log10.penalty	1.875	2	1236
1.7625	1.7875	1.775 1.875	log10.penalty	1.775	log10.penalty	1.875	2	1276
1.7875	1.8125	1.8 1.875	log10.penalty	1.8	log10.penalty	1.875	2	1316
1.8125	1.8375	1.825 1.875	log10.penalty	1.825	log10.penalty	1.875	2	1356
1.8375	1.8625	1.85 1.875	log10.penalty	1.85	log10.penalty	1.875	2	1396
1.8625	1.8875	1	log10.penalty	1.875	log10.penalty	1.875	2	1
1.8875	1.9125	1.9 1.875	log10.penalty	1.9	log10.penalty	1.875	2	1477
1.9125	1.9375	1.925 1.875	log10.penalty	1.925	log10.penalty	1.875	2	1517
1.9375	1.9625	1.95 1.875	log10.penalty	1.95	log10.penalty	1.875	2	1557
1.9625	1.9875	1.975 1.875	log10.penalty	1.975	log10.penalty	1.875	2	1597
1.9875	2.0125	2 1.875	log10.penalty	2	log10.penalty	1.875	2	1637
0.9875	1.0125	1 1.9	log10.penalty	1	log10.penalty	1.9	2	37
1.0125	1.0375	1.025 1.9	log10.penalty	1.025	log10.penalty	1.9	2	77
1.0375	1.0625	1.05 1.9	log10.penalty	1.05	log10.penalty	1.9	2	117
1.0625	1.0875	1.075 1.9	log10.penalty	1.075	log10.penalty	1.9	2	157
1.0875	1.1125	1.1 1.9	log10.penalty	1.1	log10.penalty	1.9	2	197
1.1125	1.1375	1.125 1.9	log10.penalty	1.125	log10.penalty	1.9	2	237
1.1375	1.1625	1.15 1.9	log10.penalty	1.15	log10.penalty	1.9	2	277
1.1625	1.1875	1.175 1.9	log10.penalty	1.175	log10.penalty	1.9	2	317
1.1875	1.2125	1.2 1.9	log10.penalty	1.2	log10.penalty	1.9	2	357
1.2125	1.2375	1.225 1.9	log10.penalty	1.225	log10.penalty	1.9	2	397
1.2375	1.2625	1.25 1.9	log10.penalty	1.25	log10.penalty	1.9	2	437
1.2625	1.2875	1.275 1.9	log10.penalty	1.275	log10.penalty	1.9	2	477
1.2875	1.3125	1.3 1.9	log10.penalty	1.3	log10.penalty	1.9	2	517
1.3125	1.3375	1.325 1.9	log10.penalty	1.325	log10.penalty	1.9	2	557
1.3375	1.3625	1.35 1.9	log10.penalty	1.35	log10.penalty	1.9	2	597
1.3625	1.3875	1.375 1.9	log10.penalty	1.375	log10.penalty	1.9	2	637
1.3875	1.4125	1.4 1.9	log10.penalty	1.4	log10.penalty	1.9	2	677
1.4125	1.4375	1.425 1.9	log10.penalty	1.425	log10.penalty	1.9	2	717
1.4375	1.4625	1.45 1.9	log10.penalty	1.45	log10.penalty	1.9	2	757
1.4625	1.4875	1.475 1.9	log10.penalty	1.475	log10.penalty	1.9	2	797
1.4875	1.5125	1.5 1.9	log10.penalty	1.5	log10.penalty	1.9	2	837
1.5125	1.5375	1.525 1.9	log10.penalty	1.525	log10.penalty	1.9	2	877
1.5375	1.5625	1.55 1.9	log10.penalty	1.55	log10.penalty	1.9	2	917
1.5625	1.5875	1.575 1.9	log10.penalty	1.575	log10.penalty	1.9	2	957
1.5875	1.6125	1.6 1.9	log10.penalty	1.6	log10.penalty	1.9	2	997
1.6125	1.6375	1.625 1.9	log10.penalty	1.625	log10.penalty	1.9	2	1037
1.6375	1.6625	1.65 1.9	log10.penalty	1.65	log10.penalty	1.9	2	1077
1.6625	1.6875	1.675 1.9	log10.penalty	1.675	log10.penalty	1.9	2	1117
1.6875	1.7125	1.7 1.9	log10.penalty	1.7	log10.penalty	1.9	2	1157
1.7125	1.7375	1.725 1.9	log10.penalty	1.725	log10.penalty	1.9	2	1197
1.7375	1.7625	1.75 1.9	log10.penalty	1.75	log10.penalty	1.9	2	1237
1.7625	1.7875	1.775 1.9	log10.penalty	1.775	log10.penalty	1.9	2	1277
1.7875	1.8125	1.8 1.9	log10.penalty	1.8	log10.penalty	1.9	2	1317
1.8125	1.8375	1.825 1.9	log10.penalty	1.825	log10.penalty	1.9	2	1357
1.8375	1.8625	1.85 1.9	log10.penalty	1.85	log10.penalty	1.9	2	1397
1.8625	1.8875	1.875 1.9	log10.penalty	1.875	log10.penalty	1.9	2	1437
1.8875	1.9125	1	log10.penalty	1.9	log10.penalty	1.9	2	1
1.9125	1.9375	1.925 1.9	log10.penalty	1.925	log10.penalty	1.9	2	1518
1.9375	1.9625	1.95 1.9	log10.penalty	1.95	log10.penalty	1.9	2	1558
1.9625	1.9875	1.975 1.9	log10.penalty	1.975	log10.penalty	1.9	2	1598
1.9875	2.0125	2 1.9	log10.penalty	2	log10.penalty	1.9	2	1638
0.9875	1.0125	1 1.925	log10.penalty	1	log10.penalty	1.925	2	38
1.0125	1.0375	1.025 1.925	log10.penalty	1.025	log10.penalty	1.925	2	78
1.0375	1.0625	1.05 1.925	log10.penalty	1.05	log10.penalty	1.925	2	118
1.0625	1.0875	1.075 1.925	log10.penalty	1.075	log10.penalty	1.925	2	158
1.0875	1.1125	1.1 1.925	log10.penalty	1.1	log10.penalty	1.925	2	198
1.1125	1.1375	1.125 1.925	log10.penalty	1.125	log10.penalty	1.925	2	238
1.1375	1.1625	1.15 1.925	log10.penalty	1.15	log10.penalty	1.925	2	278
1.1625	1.1875	1.175 1.925	log10.penalty	1.175	log10.penalty	1.925	2	318
1.1875	1.2125	1.2 1.925	log10.penalty	1.2	log10.penalty	1.925	2	358
1.2125	1.2375	1.225 1.925	log10.penalty	1.225	log10.penalty	1.925	2	398
1.2375	1.2625	1.25 1.925	log10.penalty	1.25	log10.penalty	1.925	2	438
1.2625	1.2875	1.275 1.925	log10.penalty	1.275	log10.penalty	1.925	2	478
1.2875	1.3125	1.3 1.925	log10.penalty	1.3	log10.penalty	1.925	2	518
1.3125	1.3375	1.325 1.925	log10.penalty	1.325	log10.penalty	1.925	2	558
1.3375	1.3625	1.35 1.925	log10.penalty	1.35	log10.penalty	1.925	2	598
1.3625	1.3875	1.375 1.925	log10.penalty	1.375	log10.penalty	1.925	2	638
1.3875	1.4125	1.4 1.925	log10.penalty	1.4	log10.penalty	1.925	2	678
1.4125	1.4375	1.425 1.925	log10.penalty	1.425	log10.penalty	1.925	2	718
1.4375	1.4625	1.45 1.925	log10.penalty	1.45	log10.penalty	1.925	2	758
1.4625	1.4875	1.475 1.925	log10.penalty	1.475	log10.penalty	1.925	2	798
1.4875	1.5125	1.5 1.925	log10.penalty	1.5	log10.penalty	1.925	2	838
1.5125	1.5375	1.525 1.925	log10.penalty	1.525	log10.penalty	1.925	2	878
1.5375	1.5625	1.55 1.925	log10.penalty	1.55	log10.penalty	1.925	2	918
1.5625	1.5875	1.575 1.925	log10.penalty	1.575	log10.penalty	1.925	2	958
1.5875	1.6125	1.6 1.925	log10.penalty	1.6	log10.penalty	1.925	2	998
1.6125	1.6375	1.625 1.925	log10.penalty	1.625	log10.penalty	1.925	2	1038
1.6375	1.6625	1.65 1.925	log10.penalty	1.65	log10.penalty	1.925	2	1078
1.6625	1.6875	1.675 1.925	log10.penalty	1.675	log10.penalty	1.925	2	1118
1.6875	1.7125	1.7 1.925	log10.penalty	1.7	log10.penalty	1.925	2	1158
1.7125	1.7375	1.725 1.925	log10.penalty	1.725	log10.penalty	1.925	2	1198
1.7375	1.7625	1.75 1.925	log10.penalty	1.75	log10.penalty	1.925	2	1238
1.7625	1.7875	1.775 1.925	log10.penalty	1.775	log10.penalty	1.925	2	1278
1.7875	1.8125	1.8 1.925	log10.penalty	1.8	log10.penalty	1.925	2	1318
1.8125	1.8375	1.825 1.925	log10.penalty	1.825	log10.penalty	1.925	2	1358
1.8375	1.8625	1.85 1.925	log10.penalty	1.85	log10.penalty	1.925	2	1398
1.8625	1.8875	1.875 1.925	log10.penalty	1.875	log10.penalty	1.925	2	1438
1.8875	1.9125	1.9 1.925	log10.penalty	1.9	log10.penalty	1.925	2	1478
1.9125	1.9375	1	log10.penalty	1.925	log10.penalty	1.925	2	1
1.9375	1.9625	1.95 1.925	log10.penalty	1.95	log10.penalty	1.925	2	1559
1.9625	1.9875	1.975 1.925	log10.penalty	1.975	log10.penalty	1.925	2	1599
1.9875	2.0125	2 1.925	log10.penalty	2	log10.penalty	1.925	2	1639
0.9875	1.0125	1 1.95	log10.penalty	1	log10.penalty	1.95	2	39
1.0125	1.0375	1.025 1.95	log10.penalty	1.025	log10.penalty	1.95	2	79
1.0375	1.0625	1.05 1.95	log10.penalty	1.05	log10.penalty	1.95	2	119
1.0625	1.0875	1.075 1.95	log10.penalty	1.075	log10.penalty	1.95	2	159
1.0875	1.1125	1.1 1.95	log10.penalty	1.1	log10.penalty	1.95	2	199
1.1125	1.1375	1.125 1.95	log10.penalty	1.125	log10.penalty	1.95	2	239
1.1375	1.1625	1.15 1.95	log10.penalty	1.15	log10.penalty	1.95	2	279
1.1625	1.1875	1.175 1.95	log10.penalty	1.175	log10.penalty	1.95	2	319
1.1875	1.2125	1.2 1.95	log10.penalty	1.2	log10.penalty	1.95	2	359
1.2125	1.2375	1.225 1.95	log10.penalty	1.225	log10.penalty	1.95	2	399
1.2375	1.2625	1.25 1.95	log10.penalty	1.25	log10.penalty	1.95	2	439
1.2625	1.2875	1.275 1.95	log10.penalty	1.275	log10.penalty	1.95	2	479
1.2875	1.3125	1.3 1.95	log10.penalty	1.3	log10.penalty	1.95	2	519
1.3125	1.3375	1.325 1.95	log10.penalty	1.325	log10.penalty	1.95	2	559
1.3375	1.3625	1.35 1.95	log10.penalty	1.35	log10.penalty	1.95	2	599
1.3625	1.3875	1.375 1.95	log10.penalty	1.375	log10.penalty	1.95	2	639
1.3875	1.4125	1.4 1.95	log10.penalty	1.4	log10.penalty	1.95	2	679
1.4125	1.4375	1.425 1.95	log10.penalty	1.425	log10.penalty	1.95	2	719
1.4375	1.4625	1.45 1.95	log10.penalty	1.45	log10.penalty	1.95	2	759
1.4625	1.4875	1.475 1.95	log10.penalty	1.475	log10.penalty	1.95	2	799
1.4875	1.5125	1.5 1.95	log10.penalty	1.5	log10.penalty	1.95	2	839
1.5125	1.5375	1.525 1.95	log10.penalty	1.525	log10.penalty	1.95	2	879
1.5375	1.5625	1.55 1.95	log10.penalty	1.55	log10.penalty	1.95	2	919
1.5625	1.5875	1.575 1.95	log10.penalty	1.575	log10.penalty	1.95	2	959
1.5875	1.6125	1.6 1.95	log10.penalty	1.6	log10.penalty	1.95	2	999
1.6125	1.6375	1.625 1.95	log10.penalty	1.625	log10.penalty	1.95	2	1039
1.6375	1.6625	1.65 1.95	log10.penalty	1.65	log10.penalty	1.95	2	1079
1.6625	1.6875	1.675 1.95	log10.penalty	1.675	log10.penalty	1.95	2	1119
1.6875	1.7125	1.7 1.95	log10.penalty	1.7	log10.penalty	1.95	2	1159
1.7125	1.7375	1.725 1.95	log10.penalty	1.725	log10.penalty	1.95	2	1199
1.7375	1.7625	1.75 1.95	log10.penalty	1.75	log10.penalty	1.95	2	1239
1.7625	1.7875	1.775 1.95	log10.penalty	1.775	log10.penalty	1.95	2	1279
1.7875	1.8125	1.8 1.95	log10.penalty	1.8	log10.penalty	1.95	2	1319
1.8125	1.8375	1.825 1.95	log10.penalty	1.825	log10.penalty	1.95	2	1359
1.8375	1.8625	1.85 1.95	log10.penalty	1.85	log10.penalty	1.95	2	1399
1.8625	1.8875	1.875 1.95	log10.penalty	1.875	log10.penalty	1.95	2	1439
1.8875	1.9125	1.9 1.95	log10.penalty	1.9	log10.penalty	1.95	2	1479
1.9125	1.9375	1.925 1.95	log10.penalty	1.925	log10.penalty	1.95	2	1519
1.9375	1.9625	1	log10.penalty	1.95	log10.penalty	1.95	2	1
1.9625	1.9875	1.975 1.95	log10.penalty	1.975	log10.penalty	1.95	2	1600
1.9875	2.0125	2 1.95	log10.penalty	2	log10.penalty	1.95	2	1640
0.9875	1.0125	1 1.975	log10.penalty	1	log10.penalty	1.975	2	40
1.0125	1.0375	1.025 1.975	log10.penalty	1.025	log10.penalty	1.975	2	80
1.0375	1.0625	1.05 1.975	log10.penalty	1.05	log10.penalty	1.975	2	120
1.0625	1.0875	1.075 1.975	log10.penalty	1.075	log10.penalty	1.975	2	160
1.0875	1.1125	1.1 1.975	log10.penalty	1.1	log10.penalty	1.975	2	200
1.1125	1.1375	1.125 1.975	log10.penalty	1.125	log10.penalty	1.975	2	240
1.1375	1.1625	1.15 1.975	log10.penalty	1.15	log10.penalty	1.975	2	280
1.1625	1.1875	1.175 1.975	log10.penalty	1.175	log10.penalty	1.975	2	320
1.1875	1.2125	1.2 1.975	log10.penalty	1.2	log10.penalty	1.975	2	360
1.2125	1.2375	1.225 1.975	log10.penalty	1.225	log10.penalty	1.975	2	400
1.2375	1.2625	1.25 1.975	log10.penalty	1.25	log10.penalty	1.975	2	440
1.2625	1.2875	1.275 1.975	log10.penalty	1.275	log10.penalty	1.975	2	480
1.2875	1.3125	1.3 1.975	log10.penalty	1.3	log10.penalty	1.975	2	520
1.3125	1.3375	1.325 1.975	log10.penalty	1.325	log10.penalty	1.975	2	560
1.3375	1.3625	1.35 1.975	log10.penalty	1.35	log10.penalty	1.975	2	600
1.3625	1.3875	1.375 1.975	log10.penalty	1.375	log10.penalty	1.975	2	640
1.3875	1.4125	1.4 1.975	log10.penalty	1.4	log10.penalty	1.975	2	680
1.4125	1.4375	1.425 1.975	log10.penalty	1.425	log10.penalty	1.975	2	720
1.4375	1.4625	1.45 1.975	log10.penalty	1.45	log10.penalty	1.975	2	760
1.4625	1.4875	1.475 1.975	log10.penalty	1.475	log10.penalty	1.975	2	800
1.4875	1.5125	1.5 1.975	log10.penalty	1.5	log10.penalty	1.975	2	840
1.5125	1.5375	1.525 1.975	log10.penalty	1.525	log10.penalty	1.975	2	880
1.5375	1.5625	1.55 1.975	log10.penalty	1.55	log10.penalty	1.975	2	920
1.5625	1.5875	1.575 1.975	log10.penalty	1.575	log10.penalty	1.975	2	960
1.5875	1.6125	1.6 1.975	log10.penalty	1.6	log10.penalty	1.975	2	1000
1.6125	1.6375	1.625 1.975	log10.penalty	1.625	log10.penalty	1.975	2	1040
1.6375	1.6625	1.65 1.975	log10.penalty	1.65	log10.penalty	1.975	2	1080
1.6625	1.6875	1.675 1.975	log10.penalty	1.675	log10.penalty	1.975	2	1120
1.6875	1.7125	1.7 1.975	log10.penalty	1.7	log10.penalty	1.975	2	1160
1.7125	1.7375	1.725 1.975	log10.penalty	1.725	log10.penalty	1.975	2	1200
1.7375	1.7625	1.75 1.975	log10.penalty	1.75	log10.penalty	1.975	2	1240
1.7625	1.7875	1.775 1.975	log10.penalty	1.775	log10.penalty	1.975	2	1280
1.7875	1.8125	1.8 1.975	log10.penalty	1.8	log10.penalty	1.975	2	1320
1.8125	1.8375	1.825 1.975	log10.penalty	1.825	log10.penalty	1.975	2	1360
1.8375	1.8625	1.85 1.975	log10.penalty	1.85	log10.penalty	1.975	2	1400
1.8625	1.8875	1.875 1.975	log10.penalty	1.875	log10.penalty	1.975	2	1440
1.8875	1.9125	1.9 1.975	log10.penalty	1.9	log10.penalty	1.975	2	1480
1.9125	1.9375	1.925 1.975	log10.penalty	1.925	log10.penalty	1.975	2	1520
1.9375	1.9625	1.95 1.975	log10.penalty	1.95	log10.penalty	1.975	2	1560
1.9625	1.9875	1	log10.penalty	1.975	log10.penalty	1.975	2	1
1.9875	2.0125	2 1.975	log10.penalty	2	log10.penalty	1.975	2	1641
0.9875	1.0125	1 2	log10.penalty	1	log10.penalty	2	2	41
1.0125	1.0375	1.025 2	log10.penalty	1.025	log10.penalty	2	2	81
1.0375	1.0625	1.05 2	log10.penalty	1.05	log10.penalty	2	2	121
1.0625	1.0875	1.075 2	log10.penalty	1.075	log10.penalty	2	2	161
1.0875	1.1125	1.1 2	log10.penalty	1.1	log10.penalty	2	2	201
1.1125	1.1375	1.125 2	log10.penalty	1.125	log10.penalty	2	2	241
1.1375	1.1625	1.15 2	log10.penalty	1.15	log10.penalty	2	2	281
1.1625	1.1875	1.175 2	log10.penalty	1.175	log10.penalty	2	2	321
1.1875	1.2125	1.2 2	log10.penalty	1.2	log10.penalty	2	2	361
1.2125	1.2375	1.225 2	log10.penalty	1.225	log10.penalty	2	2	401
1.2375	1.2625	1.25 2	log10.penalty	1.25	log10.penalty	2	2	441
1.2625	1.2875	1.275 2	log10.penalty	1.275	log10.penalty	2	2	481
1.2875	1.3125	1.3 2	log10.penalty	1.3	log10.penalty	2	2	521
1.3125	1.3375	1.325 2	log10.penalty	1.325	log10.penalty	2	2	561
1.3375	1.3625	1.35 2	log10.penalty	1.35	log10.penalty	2	2	601
1.3625	1.3875	1.375 2	log10.penalty	1.375	log10.penalty	2	2	641
1.3875	1.4125	1.4 2	log10.penalty	1.4	log10.penalty	2	2	681
1.4125	1.4375	1.425 2	log10.penalty	1.425	log10.penalty	2	2	721
1.4375	1.4625	1.45 2	log10.penalty	1.45	log10.penalty	2	2	761
1.4625	1.4875	1.475 2	log10.penalty	1.475	log10.penalty	2	2	801
1.4875	1.5125	1.5 2	log10.penalty	1.5	log10.penalty	2	2	841
1.5125	1.5375	1.525 2	log10.penalty	1.525	log10.penalty	2	2	881
1.5375	1.5625	1.55 2	log10.penalty	1.55	log10.penalty	2	2	921
1.5625	1.5875	1.575 2	log10.penalty	1.575	log10.penalty	2	2	961
1.5875	1.6125	1.6 2	log10.penalty	1.6	log10.penalty	2	2	1001
1.6125	1.6375	1.625 2	log10.penalty	1.625	log10.penalty	2	2	1041
1.6375	1.6625	1.65 2	log10.penalty	1.65	log10.penalty	2	2	1081
1.6625	1.6875	1.675 2	log10.penalty	1.675	log10.penalty	2	2	1121
1.6875	1.7125	1.7 2	log10.penalty	1.7	log10.penalty	2	2	1161
1.7125	1.7375	1.725 2	log10.penalty	1.725	log10.penalty	2	2	1201
1.7375	1.7625	1.75 2	log10.penalty	1.75	log10.penalty	2	2	1241
1.7625	1.7875	1.775 2	log10.penalty	1.775	log10.penalty	2	2	1281
1.7875	1.8125	1.8 2	log10.penalty	1.8	log10.penalty	2	2	1321
1.8125	1.8375	1.825 2	log10.penalty	1.825	log10.penalty	2	2	1361
1.8375	1.8625	1.85 2	log10.penalty	1.85	log10.penalty	2	2	1401
1.8625	1.8875	1.875 2	log10.penalty	1.875	log10.penalty	2	2	1441
1.8875	1.9125	1.9 2	log10.penalty	1.9	log10.penalty	2	2	1481
1.9125	1.9375	1.925 2	log10.penalty	1.925	log10.penalty	2	2	1521
1.9375	1.9625	1.95 2	log10.penalty	1.95	log10.penalty	2	2	1561
1.9625	1.9875	1.975 2	log10.penalty	1.975	log10.penalty	2	2	1601
1.9875	2.0125	1	log10.penalty	2	log10.penalty	2	2	1
